-- MySQL dump 10.13  Distrib 5.7.12, for Win64 (x86_64)
--
-- Host: localhost    Database: dswz3
-- ------------------------------------------------------
-- Server version	5.7.17-log

/*!40101 SET @OLD_CHARACTER_SET_CLIENT=@@CHARACTER_SET_CLIENT */;
/*!40101 SET @OLD_CHARACTER_SET_RESULTS=@@CHARACTER_SET_RESULTS */;
/*!40101 SET @OLD_COLLATION_CONNECTION=@@COLLATION_CONNECTION */;
/*!40101 SET NAMES utf8 */;
/*!40103 SET @OLD_TIME_ZONE=@@TIME_ZONE */;
/*!40103 SET TIME_ZONE='+00:00' */;
/*!40014 SET @OLD_UNIQUE_CHECKS=@@UNIQUE_CHECKS, UNIQUE_CHECKS=0 */;
/*!40014 SET @OLD_FOREIGN_KEY_CHECKS=@@FOREIGN_KEY_CHECKS, FOREIGN_KEY_CHECKS=0 */;
/*!40101 SET @OLD_SQL_MODE=@@SQL_MODE, SQL_MODE='NO_AUTO_VALUE_ON_ZERO' */;
/*!40111 SET @OLD_SQL_NOTES=@@SQL_NOTES, SQL_NOTES=0 */;

--
-- Table structure for table `book_type`
--

DROP TABLE IF EXISTS `book_type`;
/*!40101 SET @saved_cs_client     = @@character_set_client */;
/*!40101 SET character_set_client = utf8 */;
CREATE TABLE `book_type` (
  `book_type_id` int(11) NOT NULL AUTO_INCREMENT,
  `book_type_name` varchar(225) DEFAULT NULL,
  PRIMARY KEY (`book_type_id`)
) ENGINE=InnoDB AUTO_INCREMENT=5 DEFAULT CHARSET=utf8;
/*!40101 SET character_set_client = @saved_cs_client */;

--
-- Dumping data for table `book_type`
--

LOCK TABLES `book_type` WRITE;
/*!40000 ALTER TABLE `book_type` DISABLE KEYS */;
INSERT INTO `book_type` VALUES (1,'武侠类'),(2,'文学类'),(3,'架空类'),(4,'都市类');
/*!40000 ALTER TABLE `book_type` ENABLE KEYS */;
UNLOCK TABLES;

--
-- Table structure for table `bookshelf`
--

DROP TABLE IF EXISTS `bookshelf`;
/*!40101 SET @saved_cs_client     = @@character_set_client */;
/*!40101 SET character_set_client = utf8 */;
CREATE TABLE `bookshelf` (
  `bookshelf_id` int(11) NOT NULL AUTO_INCREMENT,
  `user_id` int(11) DEFAULT NULL,
  `bookshelf_name` varchar(50) DEFAULT NULL,
  PRIMARY KEY (`bookshelf_id`)
) ENGINE=InnoDB AUTO_INCREMENT=5 DEFAULT CHARSET=utf8;
/*!40101 SET character_set_client = @saved_cs_client */;

--
-- Dumping data for table `bookshelf`
--

LOCK TABLES `bookshelf` WRITE;
/*!40000 ALTER TABLE `bookshelf` DISABLE KEYS */;
INSERT INTO `bookshelf` VALUES (1,2,'默认书架'),(2,2,'都市言情'),(3,3,'最喜欢的'),(4,3,'最耐看的');
/*!40000 ALTER TABLE `bookshelf` ENABLE KEYS */;
UNLOCK TABLES;

--
-- Table structure for table `collect`
--

DROP TABLE IF EXISTS `collect`;
/*!40101 SET @saved_cs_client     = @@character_set_client */;
/*!40101 SET character_set_client = utf8 */;
CREATE TABLE `collect` (
  `collect_id` int(11) NOT NULL AUTO_INCREMENT,
  `user_id` int(11) DEFAULT NULL,
  `bookshelf_id` int(11) DEFAULT NULL,
  `tbook_id` int(11) DEFAULT NULL,
  `collect_date` varchar(50) DEFAULT NULL,
  `collect_tip` int(11) DEFAULT '0',
  PRIMARY KEY (`collect_id`)
) ENGINE=InnoDB AUTO_INCREMENT=5 DEFAULT CHARSET=utf8;
/*!40101 SET character_set_client = @saved_cs_client */;

--
-- Dumping data for table `collect`
--

LOCK TABLES `collect` WRITE;
/*!40000 ALTER TABLE `collect` DISABLE KEYS */;
INSERT INTO `collect` VALUES (1,2,1,2,'2019-03-23',0),(2,2,2,4,'2019-03-23',1),(3,3,3,2,'2019-03-24',0),(4,2,1,1,'2021-03-16',0);
/*!40000 ALTER TABLE `collect` ENABLE KEYS */;
UNLOCK TABLES;

--
-- Table structure for table `evaluate`
--

DROP TABLE IF EXISTS `evaluate`;
/*!40101 SET @saved_cs_client     = @@character_set_client */;
/*!40101 SET character_set_client = utf8 */;
CREATE TABLE `evaluate` (
  `evaluate_id` int(11) NOT NULL AUTO_INCREMENT,
  `tbook_id` int(11) DEFAULT NULL,
  `user_id` int(11) DEFAULT NULL,
  `evaluate_score` int(11) DEFAULT NULL,
  `evaluate_date` varchar(50) DEFAULT NULL,
  PRIMARY KEY (`evaluate_id`)
) ENGINE=InnoDB AUTO_INCREMENT=4 DEFAULT CHARSET=utf8;
/*!40101 SET character_set_client = @saved_cs_client */;

--
-- Dumping data for table `evaluate`
--

LOCK TABLES `evaluate` WRITE;
/*!40000 ALTER TABLE `evaluate` DISABLE KEYS */;
INSERT INTO `evaluate` VALUES (1,2,2,4,'2019-03-20 10:20:53'),(2,1,2,3,'2019-03-20 11:22:29'),(3,5,2,4,'2019-03-20 11:22:40');
/*!40000 ALTER TABLE `evaluate` ENABLE KEYS */;
UNLOCK TABLES;

--
-- Table structure for table `info`
--

DROP TABLE IF EXISTS `info`;
/*!40101 SET @saved_cs_client     = @@character_set_client */;
/*!40101 SET character_set_client = utf8 */;
CREATE TABLE `info` (
  `info_id` int(11) NOT NULL AUTO_INCREMENT,
  `tbook_id` int(11) DEFAULT NULL,
  `info_title` varchar(225) DEFAULT NULL,
  `info_content` text,
  `info_words` int(11) DEFAULT NULL,
  `info_date` datetime DEFAULT NULL,
  PRIMARY KEY (`info_id`)
) ENGINE=InnoDB AUTO_INCREMENT=20 DEFAULT CHARSET=utf8;
/*!40101 SET character_set_client = @saved_cs_client */;

--
-- Dumping data for table `info`
--

LOCK TABLES `info` WRITE;
/*!40000 ALTER TABLE `info` DISABLE KEYS */;
INSERT INTO `info` VALUES (9,1,'第一章 龙潭','&lt;p&gt;\r\n&lt;span style=\"line-height:2;\"&gt;&lt;/span&gt;&lt;span style=\"color:#555555;font-family:&quot;font-size:16px;background-color:#F7F7F7;\"&gt;神荒大陆，武道盛行。&lt;/span&gt;&lt;br /&gt;\r\n&lt;br /&gt;\r\n&lt;span style=\"color:#555555;font-family:&quot;font-size:16px;background-color:#F7F7F7;\"&gt;凡人皆信奉神明。&lt;/span&gt;&lt;br /&gt;\r\n&lt;br /&gt;\r\n&lt;span style=\"color:#555555;font-family:&quot;font-size:16px;background-color:#F7F7F7;\"&gt;轻者，每逢初一十五，便去自己所信奉的神庙焚香祷告，以求庇佑！&lt;/span&gt;&lt;br /&gt;\r\n&lt;br /&gt;\r\n&lt;span style=\"color:#555555;font-family:&quot;font-size:16px;background-color:#F7F7F7;\"&gt;这些神灵庙宇，多半都在高山之巅，能有千丈，可世人却乐此不疲，不论老少，皆徒步登山，去争夺那清晨第一柱香，为的就是要向神灵表达虔诚之意。&lt;/span&gt;&lt;br /&gt;\r\n&lt;br /&gt;\r\n&lt;span style=\"color:#555555;font-family:&quot;font-size:16px;background-color:#F7F7F7;\"&gt;说来也奇怪，一些人得了病痛，在争得头柱香，祷告了神灵后却是出奇的好了。&lt;/span&gt;&lt;br /&gt;\r\n&lt;br /&gt;\r\n&lt;span style=\"color:#555555;font-family:&quot;font-size:16px;background-color:#F7F7F7;\"&gt;如此，神灵成为了凡人的精神支柱，被世人所信奉。&lt;/span&gt;&lt;br /&gt;\r\n&lt;br /&gt;\r\n&lt;span style=\"color:#555555;font-family:&quot;font-size:16px;background-color:#F7F7F7;\"&gt;甚者，许多凡人直接在家里供奉着自己所信奉之神灵的神像，日夜祷告，膜拜。&lt;/span&gt;&lt;br /&gt;\r\n&lt;br /&gt;\r\n&lt;span style=\"color:#555555;font-family:&quot;font-size:16px;background-color:#F7F7F7;\"&gt;至于武道修者。&lt;/span&gt;&lt;br /&gt;\r\n&lt;br /&gt;\r\n&lt;span style=\"color:#555555;font-family:&quot;font-size:16px;background-color:#F7F7F7;\"&gt;他们一心向道，想要证道长生，虽然也信奉神灵，却并不那么盲目！&lt;/span&gt;&lt;br /&gt;\r\n&lt;br /&gt;\r\n&lt;span style=\"color:#555555;font-family:&quot;font-size:16px;background-color:#F7F7F7;\"&gt;因为在修者世界内流传着一句话……&lt;/span&gt;&lt;br /&gt;\r\n&lt;br /&gt;\r\n&lt;span style=\"color:#555555;font-family:&quot;font-size:16px;background-color:#F7F7F7;\"&gt;那便是人定胜天！&lt;/span&gt;&lt;br /&gt;\r\n&lt;br /&gt;\r\n&lt;span style=\"color:#555555;font-family:&quot;font-size:16px;background-color:#F7F7F7;\"&gt;这句话，俨然成为了无数修者向道的信念。&lt;/span&gt;&lt;br /&gt;\r\n&lt;br /&gt;\r\n&lt;span style=\"color:#555555;font-family:&quot;font-size:16px;background-color:#F7F7F7;\"&gt;……&lt;/span&gt;&lt;br /&gt;\r\n&lt;br /&gt;\r\n&lt;span style=\"color:#555555;font-family:&quot;font-size:16px;background-color:#F7F7F7;\"&gt;大唐帝国，天河郡，龙潭镇！&lt;/span&gt;&lt;br /&gt;\r\n&lt;br /&gt;\r\n&lt;span style=\"color:#555555;font-family:&quot;font-size:16px;background-color:#F7F7F7;\"&gt;此时正值寒冬，天空白雪飘飘，为大地覆盖了一层银色的新装。&lt;/span&gt;&lt;br /&gt;\r\n&lt;br /&gt;\r\n&lt;span style=\"color:#555555;font-family:&quot;font-size:16px;background-color:#F7F7F7;\"&gt;放眼望去，山河冰封，大地尽是白雪皑皑，极少见到有人出没。&lt;/span&gt;&lt;br /&gt;\r\n&lt;br /&gt;\r\n&lt;span style=\"color:#555555;font-family:&quot;font-size:16px;background-color:#F7F7F7;\"&gt;龙潭山高达数千丈，完全被冰雪覆盖。&lt;/span&gt;&lt;br /&gt;\r\n&lt;br /&gt;\r\n&lt;span style=\"color:#555555;font-family:&quot;font-size:16px;background-color:#F7F7F7;\"&gt;在山脚下的一处谷地当中有着一个寒潭。&lt;/span&gt;&lt;br /&gt;\r\n&lt;br /&gt;\r\n&lt;span style=\"color:#555555;font-family:&quot;font-size:16px;background-color:#F7F7F7;\"&gt;此时，在龙潭内却有着一个少年正浸泡在那冰冷刺骨的潭水当中。&lt;/span&gt;&lt;br /&gt;\r\n&lt;br /&gt;\r\n&lt;span style=\"color:#555555;font-family:&quot;font-size:16px;background-color:#F7F7F7;\"&gt;寒潭内寒气氤氲，宛若一个人间幻境，浓郁的寒意弥漫开来，似可冰封天地。&lt;/span&gt;&lt;br /&gt;\r\n&lt;br /&gt;\r\n&lt;span style=\"color:#555555;font-family:&quot;font-size:16px;background-color:#F7F7F7;\"&gt;很难想象，一个凡人，居然可在冰天雪地时，浸泡在这寒潭内。&lt;/span&gt;&lt;br /&gt;\r\n&lt;br /&gt;\r\n&lt;span style=\"color:#555555;font-family:&quot;font-size:16px;background-color:#F7F7F7;\"&gt;少年此时双眸紧闭，盘坐在潭水中的一处岩石上，寒潭之水将他上半身完全浸泡住。&lt;/span&gt;&lt;br /&gt;\r\n&lt;br /&gt;\r\n&lt;span style=\"color:#555555;font-family:&quot;font-size:16px;background-color:#F7F7F7;\"&gt;透过那缭绕的寒气，依稀可以发现他那五官生得俊俏异常。&lt;/span&gt;&lt;br /&gt;\r\n&lt;br /&gt;\r\n&lt;span style=\"color:#555555;font-family:&quot;font-size:16px;background-color:#F7F7F7;\"&gt;只见得少年眉如剑，那如鬼斧般雕刻出的五官精致而完美，像是最好的雕塑大师一笔一划刻出来的一般，简直是英俊逼人，不难想象，再过两年，他会是何等的英姿勃发，让那些少女为之魂牵梦萦。&lt;/span&gt;&lt;br /&gt;\r\n&lt;br /&gt;\r\n&lt;span style=\"color:#555555;font-family:&quot;font-size:16px;background-color:#F7F7F7;\"&gt;不过，此时他这俊秀的俏脸当中还有着几分稚气透出。&lt;/span&gt;&lt;br /&gt;\r\n&lt;br /&gt;\r\n&lt;span style=\"color:#555555;font-family:&quot;font-size:16px;background-color:#F7F7F7;\"&gt;瞧这模样，应该是十六岁左右。&lt;/span&gt;&lt;br /&gt;\r\n&lt;br /&gt;\r\n&lt;span style=\"color:#555555;font-family:&quot;font-size:16px;background-color:#F7F7F7;\"&gt;这少年名为凌飞，为龙潭镇凌氏医馆凌老之子。&lt;/span&gt;&lt;br /&gt;\r\n&lt;br /&gt;\r\n&lt;span style=\"color:#555555;font-family:&quot;font-size:16px;background-color:#F7F7F7;\"&gt;呼呼！&lt;/span&gt;&lt;br /&gt;\r\n&lt;br /&gt;\r\n&lt;span style=\"color:#555555;font-family:&quot;font-size:16px;background-color:#F7F7F7;\"&gt;在寒潭内，有一股无形的寒气宛若真龙一般朝着凌飞周身汇集而来。&lt;/span&gt;&lt;br /&gt;\r\n&lt;br /&gt;\r\n&lt;span style=\"color:#555555;font-family:&quot;font-size:16px;background-color:#F7F7F7;\"&gt;若仔细看去，只见得他双手化爪，形成上下对应的姿势，那股无形的气，正从寒潭的四面八方向着他双爪间汇集而来。&lt;/span&gt;&lt;br /&gt;\r\n&lt;br /&gt;\r\n&lt;span style=\"color:#555555;font-family:&quot;font-size:16px;background-color:#F7F7F7;\"&gt;这些由他双手牵引而来的寒气如龙如蛇，没入了他的皮肤，穿过了血肉，渗入经脉，进入了骨骼当中。&lt;/span&gt;&lt;br /&gt;\r\n&lt;br /&gt;\r\n&lt;span style=\"color:#555555;font-family:&quot;font-size:16px;background-color:#F7F7F7;\"&gt;龙潭寒气彻骨无比，连武道强者都不敢接近。&lt;/span&gt;&lt;br /&gt;\r\n&lt;br /&gt;\r\n&lt;span style=\"color:#555555;font-family:&quot;font-size:16px;background-color:#F7F7F7;\"&gt;若普通武者将这寒气引入体内，必然会成为冰雕！&lt;/span&gt;&lt;br /&gt;\r\n&lt;br /&gt;\r\n&lt;span style=\"color:#555555;font-family:&quot;font-size:16px;background-color:#F7F7F7;\"&gt;可凌飞在这寒潭内修炼，却已经有近八年时光了。&lt;/span&gt;&lt;br /&gt;\r\n&lt;br /&gt;\r\n&lt;span style=\"color:#555555;font-family:&quot;font-size:16px;background-color:#F7F7F7;\"&gt;当这寒气入体，只见得他那张俊逸的小脸上那肌肉忍不住在痉挛，露出满脸痛苦的表情。&lt;/span&gt;&lt;br /&gt;\r\n&lt;br /&gt;\r\n&lt;span style=\"color:#555555;font-family:&quot;font-size:16px;background-color:#F7F7F7;\"&gt;此刻，凌飞那眉已结霜，脸颊上也浮现了一层薄薄的霜晶。&lt;/span&gt;&lt;br /&gt;\r\n&lt;br /&gt;\r\n&lt;span style=\"color:#555555;font-family:&quot;font-size:16px;background-color:#F7F7F7;\"&gt;此时，在凌飞体内，丝丝寒气入体，没入了骨骼内。&lt;/span&gt;&lt;br /&gt;\r\n&lt;br /&gt;\r\n&lt;span style=\"color:#555555;font-family:&quot;font-size:16px;background-color:#F7F7F7;\"&gt;这些寒气如龙，狂霸无比，似可摧毁山岳，那种力量让人感觉筋骨欲裂。&lt;/span&gt;&lt;br /&gt;\r\n&lt;br /&gt;\r\n&lt;span style=\"color:#555555;font-family:&quot;font-size:16px;background-color:#F7F7F7;\"&gt;凌飞牙关紧咬，眉头紧锁，露出一副极为难受的表情。&lt;/span&gt;&lt;br /&gt;\r\n&lt;br /&gt;\r\n&lt;span style=\"color:#555555;font-family:&quot;font-size:16px;background-color:#F7F7F7;\"&gt;可是他并没有一丝要喊痛的意思。&lt;/span&gt;&lt;br /&gt;\r\n&lt;br /&gt;\r\n&lt;span style=\"color:#555555;font-family:&quot;font-size:16px;background-color:#F7F7F7;\"&gt;哪怕此时他感觉自己的骨骼要被那引入体内的寒气给摧毁。&lt;/span&gt;&lt;br /&gt;\r\n&lt;br /&gt;\r\n&lt;span style=\"color:#555555;font-family:&quot;font-size:16px;background-color:#F7F7F7;\"&gt;哪怕他感觉自己随时有被那寒气给撑爆的迹象。&lt;/span&gt;&lt;br /&gt;\r\n&lt;br /&gt;\r\n&lt;span style=\"color:#555555;font-family:&quot;font-size:16px;background-color:#F7F7F7;\"&gt;甚至是死亡！&lt;/span&gt;&lt;br /&gt;\r\n&lt;br /&gt;\r\n&lt;span style=\"color:#555555;font-family:&quot;font-size:16px;background-color:#F7F7F7;\"&gt;但是！&lt;/span&gt;&lt;br /&gt;\r\n&lt;br /&gt;\r\n&lt;span style=\"color:#555555;font-family:&quot;font-size:16px;background-color:#F7F7F7;\"&gt;他……&lt;/span&gt;&lt;br /&gt;\r\n&lt;br /&gt;\r\n&lt;span style=\"color:#555555;font-family:&quot;font-size:16px;background-color:#F7F7F7;\"&gt;依旧在咬牙坚持!&lt;/span&gt;&lt;br /&gt;\r\n&lt;br /&gt;\r\n&lt;span style=\"color:#555555;font-family:&quot;font-size:16px;background-color:#F7F7F7;\"&gt;\"浩瀚天地，初始混沌，万物蒙昧……天地开，分阴阳……龙气为祖，若以之淬体，可使人如龙……\"在咬牙坚持的同时，一段口诀俨然在凌飞心中默默念而起，同时，他双手的姿势随之而变，形成了抱月之态。&lt;/span&gt;&lt;br /&gt;\r\n&lt;br /&gt;\r\n&lt;span style=\"color:#555555;font-family:&quot;font-size:16px;background-color:#F7F7F7;\"&gt;那寒潭之气，不再被牵引而来。&lt;/span&gt;&lt;br /&gt;\r\n&lt;br /&gt;\r\n&lt;span style=\"color:#555555;font-family:&quot;font-size:16px;background-color:#F7F7F7;\"&gt;可是他体内的寒气，却因为他手诀的改变，开始有序的在体内骨骼游走。&lt;/span&gt;&lt;br /&gt;\r\n&lt;br /&gt;\r\n&lt;span style=\"color:#555555;font-family:&quot;font-size:16px;background-color:#F7F7F7;\"&gt;寒气被控制，却依旧狂霸无比，让人无法忍受。&lt;/span&gt;&lt;br /&gt;\r\n&lt;br /&gt;\r\n&lt;span style=\"color:#555555;font-family:&quot;font-size:16px;background-color:#F7F7F7;\"&gt;它如在淬炼人之骨骼。&lt;/span&gt;\r\n&lt;/p&gt;',10000,'2019-03-21 23:50:16'),(10,1,'第二章 雪汐妹妹','&lt;p&gt;\r\n&lt;span style=\"line-height:2;\"&gt;&lt;/span&gt;&lt;span style=\"color:#555555;font-family:&quot;font-size:16px;background-color:#F7F7F7;\"&gt;寒潭当中，凌飞不断的引导寒螭龙气淬炼骨骼。&lt;/span&gt;&lt;br /&gt;\r\n&lt;br /&gt;\r\n&lt;span style=\"color:#555555;font-family:&quot;font-size:16px;background-color:#F7F7F7;\"&gt;这寒螭龙气虽然很稀薄，可是作为龙子后代，纵使龙气稀薄，也是异常的狂霸。&lt;/span&gt;&lt;br /&gt;\r\n&lt;br /&gt;\r\n&lt;span style=\"color:#555555;font-family:&quot;font-size:16px;background-color:#F7F7F7;\"&gt;那每一丝寒螭龙气入体所带来的痛楚，非常人所能忍受。&lt;/span&gt;&lt;br /&gt;\r\n&lt;br /&gt;\r\n&lt;span style=\"color:#555555;font-family:&quot;font-size:16px;background-color:#F7F7F7;\"&gt;可是凌飞却一直咬牙坚持，只因为他心中有着强者之梦。&lt;/span&gt;&lt;br /&gt;\r\n&lt;br /&gt;\r\n&lt;span style=\"color:#555555;font-family:&quot;font-size:16px;background-color:#F7F7F7;\"&gt;这近八年来，从以寒螭龙气淬炼皮，膜，肉，筋开始，他已经不知忍受了多久这种痛苦。&lt;/span&gt;&lt;br /&gt;\r\n&lt;br /&gt;\r\n&lt;span style=\"color:#555555;font-family:&quot;font-size:16px;background-color:#F7F7F7;\"&gt;如今的凌飞，心智之坚毅，早就超越了同龄人。&lt;/span&gt;&lt;br /&gt;\r\n&lt;br /&gt;\r\n&lt;span style=\"color:#555555;font-family:&quot;font-size:16px;background-color:#F7F7F7;\"&gt;直到他以寒螭龙气淬骨在体内运行了十二个周天，他那紧闭的眸子才得以睁开。&lt;/span&gt;&lt;br /&gt;\r\n&lt;br /&gt;\r\n&lt;span style=\"color:#555555;font-family:&quot;font-size:16px;background-color:#F7F7F7;\"&gt;与此同时，凌飞那修炼姿势随之收起。&lt;/span&gt;&lt;br /&gt;\r\n&lt;br /&gt;\r\n&lt;span style=\"color:#555555;font-family:&quot;font-size:16px;background-color:#F7F7F7;\"&gt;\"现在天也快黑了，我该回家了，想必义父已经准备好了药液给我浸泡，让我恢复身体。\"&lt;/span&gt;&lt;br /&gt;\r\n&lt;br /&gt;\r\n&lt;span style=\"color:#555555;font-family:&quot;font-size:16px;background-color:#F7F7F7;\"&gt;凌飞看了一下天色，便是起身。&lt;/span&gt;&lt;br /&gt;\r\n&lt;br /&gt;\r\n&lt;span style=\"color:#555555;font-family:&quot;font-size:16px;background-color:#F7F7F7;\"&gt;他脚掌顶着岩石，纵身一跃，便是颇为矫健的落在了水潭边。&lt;/span&gt;&lt;br /&gt;\r\n&lt;br /&gt;\r\n&lt;span style=\"color:#555555;font-family:&quot;font-size:16px;background-color:#F7F7F7;\"&gt;当落地后，凌飞身上衣袍上有水流下，立即便化为冰晶，可是他的肌肤却并没有被冻住。&lt;/span&gt;&lt;br /&gt;\r\n&lt;br /&gt;\r\n&lt;span style=\"color:#555555;font-family:&quot;font-size:16px;background-color:#F7F7F7;\"&gt;自从修炼了《真龙炼体诀》后，凌飞对寒气的抵御变得异于常人。&lt;/span&gt;&lt;br /&gt;\r\n&lt;br /&gt;\r\n&lt;span style=\"color:#555555;font-family:&quot;font-size:16px;background-color:#F7F7F7;\"&gt;甚至，他体内那血肉，筋脉当中还有寒螭龙气的残留。&lt;/span&gt;&lt;br /&gt;\r\n&lt;br /&gt;\r\n&lt;span style=\"color:#555555;font-family:&quot;font-size:16px;background-color:#F7F7F7;\"&gt;这种残留的寒螭龙气虽然会自动散去，却也能庇护他些时间。&lt;/span&gt;&lt;br /&gt;\r\n&lt;br /&gt;\r\n&lt;span style=\"color:#555555;font-family:&quot;font-size:16px;background-color:#F7F7F7;\"&gt;在踏出寒潭后，凌飞那双眸张望，在确定附近没有人后，他便是颇为迅速的向着谷外而去。&lt;/span&gt;&lt;br /&gt;\r\n&lt;br /&gt;\r\n&lt;span style=\"color:#555555;font-family:&quot;font-size:16px;background-color:#F7F7F7;\"&gt;这小心翼翼的凌飞却不知道在他停止修炼的时候，有一道人影早就化为了长虹飞离了此地。&lt;/span&gt;&lt;br /&gt;\r\n&lt;br /&gt;\r\n&lt;span style=\"color:#555555;font-family:&quot;font-size:16px;background-color:#F7F7F7;\"&gt;龙潭镇并不大，凌飞健步如飞，只是用了小半个时辰，便来到了镇内。&lt;/span&gt;&lt;br /&gt;\r\n&lt;br /&gt;\r\n&lt;span style=\"color:#555555;font-family:&quot;font-size:16px;background-color:#F7F7F7;\"&gt;此时龙潭镇各家各户早已经点起了火烛，在街上难以看到行人。&lt;/span&gt;&lt;br /&gt;\r\n&lt;br /&gt;\r\n&lt;span style=\"color:#555555;font-family:&quot;font-size:16px;background-color:#F7F7F7;\"&gt;甚至，隐约间凌飞还可以听到一些凡人的祷告声。&lt;/span&gt;&lt;br /&gt;\r\n&lt;br /&gt;\r\n&lt;span style=\"color:#555555;font-family:&quot;font-size:16px;background-color:#F7F7F7;\"&gt;\"伟大的九天娘娘，请您保佑我儿，能早点踏入淬体九重境，进入神选学院……\"&lt;/span&gt;&lt;br /&gt;\r\n&lt;br /&gt;\r\n&lt;span style=\"color:#555555;font-family:&quot;font-size:16px;background-color:#F7F7F7;\"&gt;\"伟大的佛啊，请您保佑我家老头的病能好起来吧！\"&lt;/span&gt;&lt;br /&gt;\r\n&lt;br /&gt;\r\n&lt;span style=\"color:#555555;font-family:&quot;font-size:16px;background-color:#F7F7F7;\"&gt;……&lt;/span&gt;&lt;br /&gt;\r\n&lt;br /&gt;\r\n&lt;span style=\"color:#555555;font-family:&quot;font-size:16px;background-color:#F7F7F7;\"&gt;这些声音入耳，凌飞的眉头却是微微的弯了起来。&lt;/span&gt;&lt;br /&gt;\r\n&lt;br /&gt;\r\n&lt;span style=\"color:#555555;font-family:&quot;font-size:16px;background-color:#F7F7F7;\"&gt;\"神灵高高在上，虽然对凡人之求偶尔也会应允，可是凡人终究难以摆脱生老病死，如我义父，他自己便是医师，却也难以自医，想要驱除病痛，想要长生，就得自己努力，不能一味求人。\"凌飞心如明镜。&lt;/span&gt;&lt;br /&gt;\r\n&lt;br /&gt;\r\n&lt;span style=\"color:#555555;font-family:&quot;font-size:16px;background-color:#F7F7F7;\"&gt;凌氏医馆，位于镇上的偏僻之处。&lt;/span&gt;&lt;br /&gt;\r\n&lt;br /&gt;\r\n&lt;span style=\"color:#555555;font-family:&quot;font-size:16px;background-color:#F7F7F7;\"&gt;这是一座精致的庄院，外院是医馆，内院则是凌飞等人居住之地。&lt;/span&gt;&lt;br /&gt;\r\n&lt;br /&gt;\r\n&lt;span style=\"color:#555555;font-family:&quot;font-size:16px;background-color:#F7F7F7;\"&gt;踏过积雪，穿过回廊，凌飞便向着自己居住的小院子而去。&lt;/span&gt;&lt;br /&gt;\r\n&lt;br /&gt;\r\n&lt;span style=\"color:#555555;font-family:&quot;font-size:16px;background-color:#F7F7F7;\"&gt;才来到自己的卧室前，那回廊边便已经有着一个身穿白色长袄的少女翘首以盼。&lt;/span&gt;&lt;br /&gt;\r\n&lt;br /&gt;\r\n&lt;span style=\"color:#555555;font-family:&quot;font-size:16px;background-color:#F7F7F7;\"&gt;这女子面容精致，眉目如画，灵动的眸子水灵灵的，似乎能说话，那琼鼻挺翘而迷人，让人恨不得上去亲上一口。&lt;/span&gt;&lt;br /&gt;\r\n&lt;br /&gt;\r\n&lt;span style=\"color:#555555;font-family:&quot;font-size:16px;background-color:#F7F7F7;\"&gt;很难想象，这世上，居然会有这样的美人儿，而这个女子，却正是凌飞的义妹。&lt;/span&gt;&lt;br /&gt;\r\n&lt;br /&gt;\r\n&lt;span style=\"color:#555555;font-family:&quot;font-size:16px;background-color:#F7F7F7;\"&gt;同样，此女也是凌老所收养的女子，名为雪汐，今年已经过了十五岁，比凌飞仅仅小三个月而已。&lt;/span&gt;&lt;br /&gt;\r\n&lt;br /&gt;\r\n&lt;span style=\"color:#555555;font-family:&quot;font-size:16px;background-color:#F7F7F7;\"&gt;\"凌飞哥哥，你来了！\"还不等凌飞走来，这模样绝美的小丫头，便是露出了甜美的笑容轻声道。&lt;/span&gt;&lt;br /&gt;\r\n&lt;br /&gt;\r\n&lt;span style=\"color:#555555;font-family:&quot;font-size:16px;background-color:#F7F7F7;\"&gt;而后，她莲步迈动，径直走向凌飞，那玉手挽住了后者的手臂，与之同行。&lt;/span&gt;&lt;br /&gt;\r\n&lt;br /&gt;\r\n&lt;span style=\"color:#555555;font-family:&quot;font-size:16px;background-color:#F7F7F7;\"&gt;这是习惯使然。&lt;/span&gt;&lt;br /&gt;\r\n&lt;br /&gt;\r\n&lt;span style=\"color:#555555;font-family:&quot;font-size:16px;background-color:#F7F7F7;\"&gt;因为在年少时，凌飞体弱多病，在四五岁时连行走的有些颤颤巍巍，见哥哥如此，小雪汐颇为乖巧，经常搀扶着哥哥行走，久而久之，她已经养成了这个习惯，哪怕如今的凌飞身体已经逐渐恢复。&lt;/span&gt;&lt;br /&gt;\r\n&lt;br /&gt;\r\n&lt;span style=\"color:#555555;font-family:&quot;font-size:16px;background-color:#F7F7F7;\"&gt;被自家妹妹挽着手臂一起前行，凌飞眸光微微一动，苦涩的笑容当中有着几分尴尬。&lt;/span&gt;&lt;br /&gt;\r\n&lt;br /&gt;\r\n&lt;span style=\"color:#555555;font-family:&quot;font-size:16px;background-color:#F7F7F7;\"&gt;因为如今的丫头，早已经不是当年的小孩了。&lt;/span&gt;&lt;br /&gt;\r\n&lt;br /&gt;\r\n&lt;span style=\"color:#555555;font-family:&quot;font-size:16px;background-color:#F7F7F7;\"&gt;这雪汐虽然才十五岁，却早已经身得亭亭玉立，能有一米六五了，是一个十足的美人儿。&lt;/span&gt;&lt;br /&gt;\r\n&lt;br /&gt;\r\n&lt;span style=\"color:#555555;font-family:&quot;font-size:16px;background-color:#F7F7F7;\"&gt;她那胸前更是小荷尖尖已冒头，那般接触下，让人不由心生异样。&lt;/span&gt;&lt;br /&gt;\r\n&lt;br /&gt;\r\n&lt;span style=\"color:#555555;font-family:&quot;font-size:16px;background-color:#F7F7F7;\"&gt;\"雪汐妹妹，药都准备好了吗？\"对于这个义妹，凌飞心中也是颇为喜欢，他笑着说道。&lt;/span&gt;&lt;br /&gt;\r\n&lt;br /&gt;\r\n&lt;span style=\"color:#555555;font-family:&quot;font-size:16px;background-color:#F7F7F7;\"&gt;\"药早已经准备好了哦！\"雪汐嫣然一笑，那双水灵灵的眸子却是上下打量着身边的凌飞。&lt;/span&gt;&lt;br /&gt;\r\n&lt;br /&gt;\r\n&lt;span style=\"color:#555555;font-family:&quot;font-size:16px;background-color:#F7F7F7;\"&gt;\"雪汐妹妹在看什么呢？\"被自己妹妹这般上下打量着，凌飞不由翻了翻白眼。&lt;/span&gt;&lt;br /&gt;\r\n&lt;br /&gt;\r\n&lt;span style=\"color:#555555;font-family:&quot;font-size:16px;background-color:#F7F7F7;\"&gt;\"哥哥，我看你今天的脸色似乎比昨天又好了许多呀！\"雪汐眨动着那长长的睫毛说道。&lt;/span&gt;&lt;br /&gt;\r\n&lt;br /&gt;\r\n&lt;span style=\"color:#555555;font-family:&quot;font-size:16px;background-color:#F7F7F7;\"&gt;在踏入淬骨境后，凌飞的气色的确比以前好了许多。&lt;/span&gt;&lt;br /&gt;\r\n&lt;br /&gt;\r\n&lt;span style=\"color:#555555;font-family:&quot;font-size:16px;background-color:#F7F7F7;\"&gt;\"恩。\"凌飞眸露坚毅，说道，\"不要多久，我的身体便可完全恢复了。\"&lt;/span&gt;&lt;br /&gt;\r\n&lt;br /&gt;\r\n&lt;span style=\"color:#555555;font-family:&quot;font-size:16px;background-color:#F7F7F7;\"&gt;他也感觉到了自己的身体变化。&lt;/span&gt;&lt;br /&gt;\r\n&lt;br /&gt;\r\n&lt;span style=\"color:#555555;font-family:&quot;font-size:16px;background-color:#F7F7F7;\"&gt;只要淬骨完成，他便可以真正的恢复了。&lt;/span&gt;&lt;br /&gt;\r\n&lt;br /&gt;\r\n&lt;span style=\"color:#555555;font-family:&quot;font-size:16px;background-color:#F7F7F7;\"&gt;\"太好了，哥哥若是恢复了身子以后便可以成为强大的武者了。\"闻言，雪汐眼睛一亮，颇为雀跃的说道。&lt;/span&gt;&lt;br /&gt;\r\n&lt;br /&gt;\r\n&lt;span style=\"color:#555555;font-family:&quot;font-size:16px;background-color:#F7F7F7;\"&gt;\"那时候，就再也没有人敢取笑哥哥了。\"&lt;/span&gt;&lt;br /&gt;\r\n&lt;br /&gt;\r\n&lt;span style=\"color:#555555;font-family:&quot;font-size:16px;background-color:#F7F7F7;\"&gt;年少时，凌飞弱不禁风，没少被同龄的孩童取笑，雪汐也一直为此替哥哥出头。&lt;/span&gt;&lt;br /&gt;\r\n&lt;br /&gt;\r\n&lt;span style=\"color:#555555;font-family:&quot;font-size:16px;background-color:#F7F7F7;\"&gt;虽然凌飞很坚强，从来没有自暴自弃，可她也知道，哥哥所承受的委屈有多重。&lt;/span&gt;&lt;br /&gt;\r\n&lt;br /&gt;\r\n&lt;span style=\"color:#555555;font-family:&quot;font-size:16px;background-color:#F7F7F7;\"&gt;如今，哥哥能恢复身子，那简直是天大的喜事。&lt;/span&gt;&lt;br /&gt;\r\n&lt;br /&gt;\r\n&lt;span style=\"color:#555555;font-family:&quot;font-size:16px;background-color:#F7F7F7;\"&gt;\"那是自然。\"见这小丫头那欢喜的模样，凌飞心中一暖，而后刮了刮雪汐那挺翘迷人的鼻梁，笑道：\"到时候便让哥哥保护你，你就乖乖的当一个被保护的公主，如何？\"当话语落下时，凌飞也是不由想起了小时候的那些事情。&lt;/span&gt;&lt;br /&gt;\r\n&lt;br /&gt;\r\n&lt;span style=\"color:#555555;font-family:&quot;font-size:16px;background-color:#F7F7F7;\"&gt;那时，一个柔弱的女孩，站在他的面前，为他阻止那些坏小孩。&lt;/span&gt;&lt;br /&gt;\r\n&lt;br /&gt;\r\n&lt;span style=\"color:#555555;font-family:&quot;font-size:16px;background-color:#F7F7F7;\"&gt;很难想象，一个女孩，是从哪来的勇气，居然敢面对那些男孩的欺负？&lt;/span&gt;&lt;br /&gt;\r\n&lt;br /&gt;\r\n&lt;span style=\"color:#555555;font-family:&quot;font-size:16px;background-color:#F7F7F7;\"&gt;也是如此，对于这个义妹，凌飞是由心的喜欢，在意。&lt;/span&gt;&lt;br /&gt;\r\n&lt;br /&gt;\r\n&lt;span style=\"color:#555555;font-family:&quot;font-size:16px;background-color:#F7F7F7;\"&gt;\"好呀！\"雪汐颇为高兴的点头，而后眨动着那长长的睫毛，带着几分俏皮，道，\"我要当哥哥背后的小公主。\"&lt;/span&gt;&lt;br /&gt;\r\n&lt;br /&gt;\r\n&lt;span style=\"color:#555555;font-family:&quot;font-size:16px;background-color:#F7F7F7;\"&gt;凌飞一笑，摸了摸这丫头那后脑勺。&lt;/span&gt;&lt;br /&gt;\r\n&lt;br /&gt;\r\n&lt;span style=\"color:#555555;font-family:&quot;font-size:16px;background-color:#F7F7F7;\"&gt;两人并步，向着前方的屋子而去。&lt;/span&gt;&lt;br /&gt;\r\n&lt;br /&gt;\r\n&lt;span style=\"color:#555555;font-family:&quot;font-size:16px;background-color:#F7F7F7;\"&gt;便在走到门前时，一个身穿青色长袍，拄着红木拐杖的长者略显艰难的拖着那腿脚迈步而出。&lt;/span&gt;&lt;br /&gt;\r\n&lt;br /&gt;\r\n&lt;span style=\"color:#555555;font-family:&quot;font-size:16px;background-color:#F7F7F7;\"&gt;这长者两鬓泛白，干枯的鬓发略显凌乱的飘动着，他双眸浑浊，如同一个油尽灯枯的老人。&lt;/span&gt;&lt;br /&gt;\r\n&lt;br /&gt;\r\n&lt;span style=\"color:#555555;font-family:&quot;font-size:16px;background-color:#F7F7F7;\"&gt;只是，他瞅向凌飞时那双浑浊的眸子当中却充满了慈爱。&lt;/span&gt;&lt;br /&gt;\r\n&lt;br /&gt;\r\n&lt;span style=\"color:#555555;font-family:&quot;font-size:16px;background-color:#F7F7F7;\"&gt;这个长者，却正是曾经出现在那寒潭边的凌老。&lt;/span&gt;&lt;br /&gt;\r\n&lt;br /&gt;\r\n&lt;span style=\"color:#555555;font-family:&quot;font-size:16px;background-color:#F7F7F7;\"&gt;\"飞儿回来了啊！\"凌老眸子微眯，带着几分慈爱的笑容道。&lt;/span&gt;&lt;br /&gt;\r\n&lt;br /&gt;\r\n&lt;span style=\"color:#555555;font-family:&quot;font-size:16px;background-color:#F7F7F7;\"&gt;\"是，义父！\"见义父走出，凌飞神色变得肃然了起来，那张略显稚嫩的俏脸上立即多了几分成熟的味道。&lt;/span&gt;&lt;br /&gt;\r\n&lt;br /&gt;\r\n&lt;span style=\"color:#555555;font-family:&quot;font-size:16px;background-color:#F7F7F7;\"&gt;他眼角光芒掠动，瞅向身前义父时心中便是一阵不忍。&lt;/span&gt;&lt;br /&gt;\r\n&lt;br /&gt;\r\n&lt;span style=\"color:#555555;font-family:&quot;font-size:16px;background-color:#F7F7F7;\"&gt;如今的义父，真的很老了，俨然达到了一副近乎油尽灯枯的模样。&lt;/span&gt;&lt;br /&gt;\r\n&lt;br /&gt;\r\n&lt;span style=\"color:#555555;font-family:&quot;font-size:16px;background-color:#F7F7F7;\"&gt;\"我一定要努力修炼成为神卫，为义父求来一颗天元丹，为他治病。\"瞧得义父那越来越憔悴的容颜后，凌飞那手掌紧握成拳，心中暗忖着，那眸中的光芒，显得坚定无比，天元丹，不管多么珍贵，他都要得到此丹。&lt;/span&gt;&lt;br /&gt;\r\n&lt;br /&gt;\r\n&lt;span style=\"color:#555555;font-family:&quot;font-size:16px;background-color:#F7F7F7;\"&gt;事实上，早在八年前，凌飞在偶然看到义父吐出一口黑血后，他就生出了要为义父治病的心思。&lt;/span&gt;&lt;br /&gt;\r\n&lt;br /&gt;\r\n&lt;span style=\"color:#555555;font-family:&quot;font-size:16px;background-color:#F7F7F7;\"&gt;为此，他查阅了许多的资料，询问了许多人才得知天元丹可治百病，应该能助义父复原。&lt;/span&gt;&lt;br /&gt;\r\n&lt;br /&gt;\r\n&lt;span style=\"color:#555555;font-family:&quot;font-size:16px;background-color:#F7F7F7;\"&gt;若成为神卫，将有机会获得此丹。&lt;/span&gt;&lt;br /&gt;\r\n&lt;br /&gt;\r\n&lt;span style=\"color:#555555;font-family:&quot;font-size:16px;background-color:#F7F7F7;\"&gt;也是如此，他才会立志成为神卫！&lt;/span&gt;&lt;br /&gt;\r\n&lt;br /&gt;\r\n&lt;span style=\"color:#555555;font-family:&quot;font-size:16px;background-color:#F7F7F7;\"&gt;\"这孩子！\"凌飞这眸中突然闪过的坚定之色被凌老清晰的瞅在眼中，见此，他满心欣慰的点了点头。&lt;/span&gt;&lt;br /&gt;\r\n&lt;br /&gt;\r\n&lt;span style=\"color:#555555;font-family:&quot;font-size:16px;background-color:#F7F7F7;\"&gt;凌飞这八年来的变化，自然逃不过凌老的双眸。&lt;/span&gt;\r\n&lt;/p&gt;',10000,'2019-03-21 23:50:16'),(11,1,'第三章 病秧子？','&lt;p&gt;\r\n&lt;span style=\"line-height:2;\"&gt;&lt;/span&gt;&lt;span style=\"color:#555555;font-family:&quot;font-size:16px;background-color:#F7F7F7;\"&gt;在泡药浴的时候，凌飞会抓住这些时间品读一些古籍。&lt;/span&gt;&lt;br /&gt;\r\n&lt;br /&gt;\r\n&lt;span style=\"color:#555555;font-family:&quot;font-size:16px;background-color:#F7F7F7;\"&gt;同时，遇到疑惑的时候凌飞也会主动询问义父。&lt;/span&gt;&lt;br /&gt;\r\n&lt;br /&gt;\r\n&lt;span style=\"color:#555555;font-family:&quot;font-size:16px;background-color:#F7F7F7;\"&gt;凌老回答起来也是极具耐心。&lt;/span&gt;&lt;br /&gt;\r\n&lt;br /&gt;\r\n&lt;span style=\"color:#555555;font-family:&quot;font-size:16px;background-color:#F7F7F7;\"&gt;甚至，他讲解时还会夹杂一些人生道理，让凌飞细细体悟之下也有所明悟。&lt;/span&gt;&lt;br /&gt;\r\n&lt;br /&gt;\r\n&lt;span style=\"color:#555555;font-family:&quot;font-size:16px;background-color:#F7F7F7;\"&gt;所以对于义父的这些话，凌飞都会牢牢记在心中。&lt;/span&gt;&lt;br /&gt;\r\n&lt;br /&gt;\r\n&lt;span style=\"color:#555555;font-family:&quot;font-size:16px;background-color:#F7F7F7;\"&gt;……&lt;/span&gt;&lt;br /&gt;\r\n&lt;br /&gt;\r\n&lt;span style=\"color:#555555;font-family:&quot;font-size:16px;background-color:#F7F7F7;\"&gt;翌日，清晨。&lt;/span&gt;&lt;br /&gt;\r\n&lt;br /&gt;\r\n&lt;span style=\"color:#555555;font-family:&quot;font-size:16px;background-color:#F7F7F7;\"&gt;\"义父，雪汐妹妹，我去练武场了哦！\"在洗刷完毕后，凌飞早早的就离开了医馆。&lt;/span&gt;&lt;br /&gt;\r\n&lt;br /&gt;\r\n&lt;span style=\"color:#555555;font-family:&quot;font-size:16px;background-color:#F7F7F7;\"&gt;在龙潭镇，有着一个练武场。&lt;/span&gt;&lt;br /&gt;\r\n&lt;br /&gt;\r\n&lt;span style=\"color:#555555;font-family:&quot;font-size:16px;background-color:#F7F7F7;\"&gt;平时镇上的少年都会去这里练武。&lt;/span&gt;&lt;br /&gt;\r\n&lt;br /&gt;\r\n&lt;span style=\"color:#555555;font-family:&quot;font-size:16px;background-color:#F7F7F7;\"&gt;虽然龙潭镇许多人都会武道。&lt;/span&gt;&lt;br /&gt;\r\n&lt;br /&gt;\r\n&lt;span style=\"color:#555555;font-family:&quot;font-size:16px;background-color:#F7F7F7;\"&gt;只是，那些父辈自己也要修炼，哪有时间天天教导自己的儿子？&lt;/span&gt;&lt;br /&gt;\r\n&lt;br /&gt;\r\n&lt;span style=\"color:#555555;font-family:&quot;font-size:16px;background-color:#F7F7F7;\"&gt;这练武场却不一样了。&lt;/span&gt;&lt;br /&gt;\r\n&lt;br /&gt;\r\n&lt;span style=\"color:#555555;font-family:&quot;font-size:16px;background-color:#F7F7F7;\"&gt;这里有同龄人一起修炼，可以增加攀比之心，从而使人奋发向上。&lt;/span&gt;&lt;br /&gt;\r\n&lt;br /&gt;\r\n&lt;span style=\"color:#555555;font-family:&quot;font-size:16px;background-color:#F7F7F7;\"&gt;更重要的是，这里还有武道经验颇为丰富的武师指点。&lt;/span&gt;&lt;br /&gt;\r\n&lt;br /&gt;\r\n&lt;span style=\"color:#555555;font-family:&quot;font-size:16px;background-color:#F7F7F7;\"&gt;这些武师都是卡在了武道九重圆满境无法寸进的人，经验极为丰富。&lt;/span&gt;&lt;br /&gt;\r\n&lt;br /&gt;\r\n&lt;span style=\"color:#555555;font-family:&quot;font-size:16px;background-color:#F7F7F7;\"&gt;甚至，如今的武师更是进入过神选学院。&lt;/span&gt;&lt;br /&gt;\r\n&lt;br /&gt;\r\n&lt;span style=\"color:#555555;font-family:&quot;font-size:16px;background-color:#F7F7F7;\"&gt;……&lt;/span&gt;&lt;br /&gt;\r\n&lt;br /&gt;\r\n&lt;span style=\"color:#555555;font-family:&quot;font-size:16px;background-color:#F7F7F7;\"&gt;此时大雪已停，路面留着厚厚的积雪。&lt;/span&gt;&lt;br /&gt;\r\n&lt;br /&gt;\r\n&lt;span style=\"color:#555555;font-family:&quot;font-size:16px;background-color:#F7F7F7;\"&gt;在和义父及义妹告别后，凌飞健步如飞，向着练武场而去。&lt;/span&gt;&lt;br /&gt;\r\n&lt;br /&gt;\r\n&lt;span style=\"color:#555555;font-family:&quot;font-size:16px;background-color:#F7F7F7;\"&gt;\"达到淬体八重后，便将力达八百斤，却不知我合格了没有？\"凌飞急着要测试自己的力量。&lt;/span&gt;&lt;br /&gt;\r\n&lt;br /&gt;\r\n&lt;span style=\"color:#555555;font-family:&quot;font-size:16px;background-color:#F7F7F7;\"&gt;淬体三重可达到三百斤力！&lt;/span&gt;&lt;br /&gt;\r\n&lt;br /&gt;\r\n&lt;span style=\"color:#555555;font-family:&quot;font-size:16px;background-color:#F7F7F7;\"&gt;淬体八重就可以达到八百斤力气。&lt;/span&gt;&lt;br /&gt;\r\n&lt;br /&gt;\r\n&lt;span style=\"color:#555555;font-family:&quot;font-size:16px;background-color:#F7F7F7;\"&gt;若是达到淬体九重，那么将有着一个质的飞越。&lt;/span&gt;&lt;br /&gt;\r\n&lt;br /&gt;\r\n&lt;span style=\"color:#555555;font-family:&quot;font-size:16px;background-color:#F7F7F7;\"&gt;淬体九重分为四个小阶段。&lt;/span&gt;&lt;br /&gt;\r\n&lt;br /&gt;\r\n&lt;span style=\"color:#555555;font-family:&quot;font-size:16px;background-color:#F7F7F7;\"&gt;初期：千斤巨力！&lt;/span&gt;&lt;br /&gt;\r\n&lt;br /&gt;\r\n&lt;span style=\"color:#555555;font-family:&quot;font-size:16px;background-color:#F7F7F7;\"&gt;中期，两千斤巨力！&lt;/span&gt;&lt;br /&gt;\r\n&lt;br /&gt;\r\n&lt;span style=\"color:#555555;font-family:&quot;font-size:16px;background-color:#F7F7F7;\"&gt;后期：三千斤巨力！&lt;/span&gt;&lt;br /&gt;\r\n&lt;br /&gt;\r\n&lt;span style=\"color:#555555;font-family:&quot;font-size:16px;background-color:#F7F7F7;\"&gt;圆满：六千斤巨力！&lt;/span&gt;&lt;br /&gt;\r\n&lt;br /&gt;\r\n&lt;span style=\"color:#555555;font-family:&quot;font-size:16px;background-color:#F7F7F7;\"&gt;若是达到先天境，可力达万斤！&lt;/span&gt;&lt;br /&gt;\r\n&lt;br /&gt;\r\n&lt;span style=\"color:#555555;font-family:&quot;font-size:16px;background-color:#F7F7F7;\"&gt;练武场位于龙潭镇中心处，凌飞早早的来到这里。&lt;/span&gt;&lt;br /&gt;\r\n&lt;br /&gt;\r\n&lt;span style=\"color:#555555;font-family:&quot;font-size:16px;background-color:#F7F7F7;\"&gt;此时，练武场当中的积雪还没有被扫掉，大门也是才被打开而已。&lt;/span&gt;&lt;br /&gt;\r\n&lt;br /&gt;\r\n&lt;span style=\"color:#555555;font-family:&quot;font-size:16px;background-color:#F7F7F7;\"&gt;凌飞是第一个来到这里的少年。&lt;/span&gt;&lt;br /&gt;\r\n&lt;br /&gt;\r\n&lt;span style=\"color:#555555;font-family:&quot;font-size:16px;background-color:#F7F7F7;\"&gt;练武场很宽阔，中心处是一个巨大的武师台。&lt;/span&gt;&lt;br /&gt;\r\n&lt;br /&gt;\r\n&lt;span style=\"color:#555555;font-family:&quot;font-size:16px;background-color:#F7F7F7;\"&gt;武师台下则是一块阔地。&lt;/span&gt;&lt;br /&gt;\r\n&lt;br /&gt;\r\n&lt;span style=\"color:#555555;font-family:&quot;font-size:16px;background-color:#F7F7F7;\"&gt;左侧边缘，有一个个石墩排列着。&lt;/span&gt;&lt;br /&gt;\r\n&lt;br /&gt;\r\n&lt;span style=\"color:#555555;font-family:&quot;font-size:16px;background-color:#F7F7F7;\"&gt;这些石墩依次排列，分别是一百斤到三千斤的石墩。&lt;/span&gt;&lt;br /&gt;\r\n&lt;br /&gt;\r\n&lt;span style=\"color:#555555;font-family:&quot;font-size:16px;background-color:#F7F7F7;\"&gt;在淬体境时，想要知道一个人达到了什么境界，举石墩，俨然成为了最好的判定之法。&lt;/span&gt;&lt;br /&gt;\r\n&lt;br /&gt;\r\n&lt;span style=\"color:#555555;font-family:&quot;font-size:16px;background-color:#F7F7F7;\"&gt;凌飞走到石墩旁，那眸光一扫，视线便落在了那排列第八的石墩上。&lt;/span&gt;&lt;br /&gt;\r\n&lt;br /&gt;\r\n&lt;span style=\"color:#555555;font-family:&quot;font-size:16px;background-color:#F7F7F7;\"&gt;石墩不大，才两尺高。&lt;/span&gt;&lt;br /&gt;\r\n&lt;br /&gt;\r\n&lt;span style=\"color:#555555;font-family:&quot;font-size:16px;background-color:#F7F7F7;\"&gt;这是极为坚硬的玄岗石打磨而成，重量超过了普通的岩石。&lt;/span&gt;&lt;br /&gt;\r\n&lt;br /&gt;\r\n&lt;span style=\"color:#555555;font-family:&quot;font-size:16px;background-color:#F7F7F7;\"&gt;\"八百斤的石墩！\"凌飞瞅向眼前的石墩，在深深吸了口气后便沉腰坐马，右手探出抓住蹲把。&lt;/span&gt;&lt;br /&gt;\r\n&lt;br /&gt;\r\n&lt;span style=\"color:#555555;font-family:&quot;font-size:16px;background-color:#F7F7F7;\"&gt;在他体内，肉体力量开始向着右臂汇集而来。&lt;/span&gt;&lt;br /&gt;\r\n&lt;br /&gt;\r\n&lt;span style=\"color:#555555;font-family:&quot;font-size:16px;background-color:#F7F7F7;\"&gt;\"起！\"当低沉的声音响起，只见得凌飞手臂上青筋暴起，那手臂一动，沉重无比的石墩便是随着手臂的提升而离地。&lt;/span&gt;&lt;br /&gt;\r\n&lt;br /&gt;\r\n&lt;span style=\"color:#555555;font-family:&quot;font-size:16px;background-color:#F7F7F7;\"&gt;\"果然有八百斤巨力了！\"见此，凌飞心中也是一喜。&lt;/span&gt;&lt;br /&gt;\r\n&lt;br /&gt;\r\n&lt;span style=\"color:#555555;font-family:&quot;font-size:16px;background-color:#F7F7F7;\"&gt;在确定了自己的力量提升后，他那右臂力道猛地加大。&lt;/span&gt;&lt;br /&gt;\r\n&lt;br /&gt;\r\n&lt;span style=\"color:#555555;font-family:&quot;font-size:16px;background-color:#F7F7F7;\"&gt;而后，那石墩被他提至胸前，足足过了三个呼吸，凌飞才感觉有些疲力。&lt;/span&gt;&lt;br /&gt;\r\n&lt;br /&gt;\r\n&lt;span style=\"color:#555555;font-family:&quot;font-size:16px;background-color:#F7F7F7;\"&gt;咚！&lt;/span&gt;&lt;br /&gt;\r\n&lt;br /&gt;\r\n&lt;span style=\"color:#555555;font-family:&quot;font-size:16px;background-color:#F7F7F7;\"&gt;随着一道沉闷的声音响起，石墩落地，整个练武场都是微微一震。&lt;/span&gt;&lt;br /&gt;\r\n&lt;br /&gt;\r\n&lt;span style=\"color:#555555;font-family:&quot;font-size:16px;background-color:#F7F7F7;\"&gt;\"咦，飞哥，你刚才提的是八百斤的石墩，你踏入了淬体八重境？\"就在这石墩落地时，一道惊讶声响起。&lt;/span&gt;&lt;br /&gt;\r\n&lt;br /&gt;\r\n&lt;span style=\"color:#555555;font-family:&quot;font-size:16px;background-color:#F7F7F7;\"&gt;却见得在练武场中，一个身穿劲装，脚穿皮靴的小胖子正努力瞪大着眼睛，满脸惊讶的盯着凌飞。&lt;/span&gt;&lt;br /&gt;\r\n&lt;br /&gt;\r\n&lt;span style=\"color:#555555;font-family:&quot;font-size:16px;background-color:#F7F7F7;\"&gt;在惊讶之后，他带着满脸喜色，向着凌飞所在奔来。&lt;/span&gt;&lt;br /&gt;\r\n&lt;br /&gt;\r\n&lt;span style=\"color:#555555;font-family:&quot;font-size:16px;background-color:#F7F7F7;\"&gt;\"吴大胖！\"当这声音响起，凌飞微微一怔，旋即便从那欢喜当中回过神来。&lt;/span&gt;&lt;br /&gt;\r\n&lt;br /&gt;\r\n&lt;span style=\"color:#555555;font-family:&quot;font-size:16px;background-color:#F7F7F7;\"&gt;凌飞从小朋友很少。&lt;/span&gt;&lt;br /&gt;\r\n&lt;br /&gt;\r\n&lt;span style=\"color:#555555;font-family:&quot;font-size:16px;background-color:#F7F7F7;\"&gt;同龄当中，那些人都从小就喜欢对他冷嘲热讽。&lt;/span&gt;&lt;br /&gt;\r\n&lt;br /&gt;\r\n&lt;span style=\"color:#555555;font-family:&quot;font-size:16px;background-color:#F7F7F7;\"&gt;唯有这吴大胖从未如此。&lt;/span&gt;&lt;br /&gt;\r\n&lt;br /&gt;\r\n&lt;span style=\"color:#555555;font-family:&quot;font-size:16px;background-color:#F7F7F7;\"&gt;因为吴大胖小时候生过病，他父母去祈求神灵庇佑，却没有一丝效果。&lt;/span&gt;&lt;br /&gt;\r\n&lt;br /&gt;\r\n&lt;span style=\"color:#555555;font-family:&quot;font-size:16px;background-color:#F7F7F7;\"&gt;最后是凌老医好了吴大胖。&lt;/span&gt;&lt;br /&gt;\r\n&lt;br /&gt;\r\n&lt;span style=\"color:#555555;font-family:&quot;font-size:16px;background-color:#F7F7F7;\"&gt;如此，吴大胖一家对凌老感激不尽，他和凌飞也成为了好兄弟。&lt;/span&gt;&lt;br /&gt;\r\n&lt;br /&gt;\r\n&lt;span style=\"color:#555555;font-family:&quot;font-size:16px;background-color:#F7F7F7;\"&gt;当凌飞转身，却见得那小胖子已经出现在了自己身边。&lt;/span&gt;&lt;br /&gt;\r\n&lt;br /&gt;\r\n&lt;span style=\"color:#555555;font-family:&quot;font-size:16px;background-color:#F7F7F7;\"&gt;吴大胖跑来，那红扑扑的脸颊上肥肉还在抖动，显得极为可爱。&lt;/span&gt;&lt;br /&gt;\r\n&lt;br /&gt;\r\n&lt;span style=\"color:#555555;font-family:&quot;font-size:16px;background-color:#F7F7F7;\"&gt;来到凌飞身边后，吴大胖努力的睁大那眯眯眼，打量着凌飞身边的石墩。&lt;/span&gt;&lt;br /&gt;\r\n&lt;br /&gt;\r\n&lt;span style=\"color:#555555;font-family:&quot;font-size:16px;background-color:#F7F7F7;\"&gt;\"没错，刚才就是这八百斤的石墩。\"吴大胖微微点头。&lt;/span&gt;&lt;br /&gt;\r\n&lt;br /&gt;\r\n&lt;span style=\"color:#555555;font-family:&quot;font-size:16px;background-color:#F7F7F7;\"&gt;\"哈哈，飞哥，你踏入了淬体八重境？\"而后，小胖子满脸兴奋，那胖胖的手臂伸出，便是将凌飞抱了个满怀。&lt;/span&gt;&lt;br /&gt;\r\n&lt;br /&gt;\r\n&lt;span style=\"color:#555555;font-family:&quot;font-size:16px;background-color:#F7F7F7;\"&gt;他那肥硕的身子，压得凌飞都差点喘不过气来了。&lt;/span&gt;&lt;br /&gt;\r\n&lt;br /&gt;\r\n&lt;span style=\"color:#555555;font-family:&quot;font-size:16px;background-color:#F7F7F7;\"&gt;\"喂，胖子，快放开我，别抱着那么紧，不知道的还以为你和我有什么不正当关系呢！\"凌飞连翻白眼。&lt;/span&gt;&lt;br /&gt;\r\n&lt;br /&gt;\r\n&lt;span style=\"color:#555555;font-family:&quot;font-size:16px;background-color:#F7F7F7;\"&gt;\"去，谁和你有不正当关系，兄弟不是为你高兴吗？\"闻言，吴大胖眸露鄙夷。&lt;/span&gt;&lt;br /&gt;\r\n&lt;br /&gt;\r\n&lt;span style=\"color:#555555;font-family:&quot;font-size:16px;background-color:#F7F7F7;\"&gt;不过，他那脸上依旧是露出满脸笑容。&lt;/span&gt;&lt;br /&gt;\r\n&lt;br /&gt;\r\n&lt;span style=\"color:#555555;font-family:&quot;font-size:16px;background-color:#F7F7F7;\"&gt;他松开手后，那小眼间眨动，上下打量着凌飞。&lt;/span&gt;&lt;br /&gt;\r\n&lt;br /&gt;\r\n&lt;span style=\"color:#555555;font-family:&quot;font-size:16px;background-color:#F7F7F7;\"&gt;\"不错，你的气色是越来越好了，看来不用多久你的身体便可以康复了。\"在打量一番后，吴大胖点了点头道。&lt;/span&gt;&lt;br /&gt;\r\n&lt;br /&gt;\r\n&lt;span style=\"color:#555555;font-family:&quot;font-size:16px;background-color:#F7F7F7;\"&gt;他也在为凌飞感到高兴。&lt;/span&gt;&lt;br /&gt;\r\n&lt;br /&gt;\r\n&lt;span style=\"color:#555555;font-family:&quot;font-size:16px;background-color:#F7F7F7;\"&gt;\"哎呀，那不是凌大病秧子吗？怎么，又来练武场了？\"&lt;/span&gt;&lt;br /&gt;\r\n&lt;br /&gt;\r\n&lt;span style=\"color:#555555;font-family:&quot;font-size:16px;background-color:#F7F7F7;\"&gt;也就在此时，一道极为不合时宜的声音突然响起。&lt;/span&gt;&lt;br /&gt;\r\n&lt;br /&gt;\r\n&lt;span style=\"color:#555555;font-family:&quot;font-size:16px;background-color:#F7F7F7;\"&gt;\"是赵发！\"当这声音响起，吴大胖和凌飞那眉头皆是一弯，略显稚气的脸庞上露出了几分厌恶。&lt;/span&gt;&lt;br /&gt;\r\n&lt;br /&gt;\r\n&lt;span style=\"color:#555555;font-family:&quot;font-size:16px;background-color:#F7F7F7;\"&gt;顺着他们的眸光瞅去，却见得正有四个少年向此迈步而来。&lt;/span&gt;&lt;br /&gt;\r\n&lt;br /&gt;\r\n&lt;span style=\"color:#555555;font-family:&quot;font-size:16px;background-color:#F7F7F7;\"&gt;这些人步伐傲慢，瞅向凌飞时嘴角皆掀起一抹玩味的弧度。&lt;/span&gt;&lt;br /&gt;\r\n&lt;br /&gt;\r\n&lt;span style=\"color:#555555;font-family:&quot;font-size:16px;background-color:#F7F7F7;\"&gt;在他们眸子当中，有着轻蔑之色流露而出。&lt;/span&gt;&lt;br /&gt;\r\n&lt;br /&gt;\r\n&lt;span style=\"color:#555555;font-family:&quot;font-size:16px;background-color:#F7F7F7;\"&gt;刚才开口的是一个身穿青色劲装的少年，名为赵发。&lt;/span&gt;&lt;br /&gt;\r\n&lt;br /&gt;\r\n&lt;span style=\"color:#555555;font-family:&quot;font-size:16px;background-color:#F7F7F7;\"&gt;\"怎么，凌飞老弟，你在测试力量吗？可达到了淬体九重？\"&lt;/span&gt;&lt;br /&gt;\r\n&lt;br /&gt;\r\n&lt;span style=\"color:#555555;font-family:&quot;font-size:16px;background-color:#F7F7F7;\"&gt;赵发踏着积雪缓缓走来，他眸子微眯，阴阳怪气的盯着凌飞说道。&lt;/span&gt;&lt;br /&gt;\r\n&lt;br /&gt;\r\n&lt;span style=\"color:#555555;font-family:&quot;font-size:16px;background-color:#F7F7F7;\"&gt;\"呵呵，淬体九重？若是这病秧子能踏入淬体九重，我早就踏入了先天境，成为了神卫！\"&lt;/span&gt;&lt;br /&gt;\r\n&lt;br /&gt;\r\n&lt;span style=\"color:#555555;font-family:&quot;font-size:16px;background-color:#F7F7F7;\"&gt;在赵发身后，一个黄衣少年讥笑道。&lt;/span&gt;&lt;br /&gt;\r\n&lt;br /&gt;\r\n&lt;span style=\"color:#555555;font-family:&quot;font-size:16px;background-color:#F7F7F7;\"&gt;此人名为黄亮，这些年没少对凌飞冷嘲热讽。&lt;/span&gt;&lt;br /&gt;\r\n&lt;br /&gt;\r\n&lt;span style=\"color:#555555;font-family:&quot;font-size:16px;background-color:#F7F7F7;\"&gt;\"喂，赵发，黄亮，你们这是什么意思？\"闻言，吴大胖那胖脸立即沉了下来，\"什么淬体九重，说得好像你已经踏入了淬体九重一样，简直是不要脸。\"刚才这赵发之言，显然是在故意取笑凌飞。&lt;/span&gt;&lt;br /&gt;\r\n&lt;br /&gt;\r\n&lt;span style=\"color:#555555;font-family:&quot;font-size:16px;background-color:#F7F7F7;\"&gt;\"呵呵，我的确还没有踏入淬体九重，不过却早就踏入了淬体八重圆满境，再过不久，我就可以踏入淬体九重，吴大胖，若是我没有记错的话，你上个月才敢踏入淬体八重圆满境，想要踏入淬体九重，只怕得在我之后。\"&lt;/span&gt;&lt;br /&gt;\r\n&lt;br /&gt;\r\n&lt;span style=\"color:#555555;font-family:&quot;font-size:16px;background-color:#F7F7F7;\"&gt;这赵发双手抱胸，露出一脸得意之色。&lt;/span&gt;&lt;br /&gt;\r\n&lt;br /&gt;\r\n&lt;span style=\"color:#555555;font-family:&quot;font-size:16px;background-color:#F7F7F7;\"&gt;\"而开春之后便将举行神选者比赛，我们龙潭镇，可是只有八个名额，你只怕要落选了啊！\"&lt;/span&gt;&lt;br /&gt;\r\n&lt;br /&gt;\r\n&lt;span style=\"color:#555555;font-family:&quot;font-size:16px;background-color:#F7F7F7;\"&gt;\"哼，有什么了不起的，你不过是仗着家里有钱，经常以灵药淬体罢了。\"吴大胖冷哼道。&lt;/span&gt;&lt;br /&gt;\r\n&lt;br /&gt;\r\n&lt;span style=\"color:#555555;font-family:&quot;font-size:16px;background-color:#F7F7F7;\"&gt;\"怎么，不服气？不服气我们可以来较量较量一下。\"赵发眉头一挑，颇为轻蔑的说道。&lt;/span&gt;&lt;br /&gt;\r\n&lt;br /&gt;\r\n&lt;span style=\"color:#555555;font-family:&quot;font-size:16px;background-color:#F7F7F7;\"&gt;\"较量就较量，怕什么！\"吴大胖眉头一皱，那大步迈出，肥胖的身子往前一站，脚掌落地时，让得地面都是抖了一抖，这个胖子，那力道之大，也是让得许多人心有忌惮，瞧他这模样，俨然是一副要战的模样。&lt;/span&gt;&lt;br /&gt;\r\n&lt;br /&gt;\r\n&lt;span style=\"color:#555555;font-family:&quot;font-size:16px;background-color:#F7F7F7;\"&gt;\"呵呵，好，既然你要战，小爷我奉陪。\"赵发一笑。&lt;/span&gt;&lt;br /&gt;\r\n&lt;br /&gt;\r\n&lt;span style=\"color:#555555;font-family:&quot;font-size:16px;background-color:#F7F7F7;\"&gt;他早就踏入了淬体八重圆满境，那力道比吴大胖还强。&lt;/span&gt;&lt;br /&gt;\r\n&lt;br /&gt;\r\n&lt;span style=\"color:#555555;font-family:&quot;font-size:16px;background-color:#F7F7F7;\"&gt;再者，他还修炼过不少武学，自问在龙潭镇同龄当中也是个人物，根本就无惧吴大胖。&lt;/span&gt;&lt;br /&gt;\r\n&lt;br /&gt;\r\n&lt;span style=\"color:#555555;font-family:&quot;font-size:16px;background-color:#F7F7F7;\"&gt;\"大胖，何须和他计较。\"见此，凌飞拉住了吴大胖。&lt;/span&gt;&lt;br /&gt;\r\n&lt;br /&gt;\r\n&lt;span style=\"color:#555555;font-family:&quot;font-size:16px;background-color:#F7F7F7;\"&gt;他自然知道双方的根底。&lt;/span&gt;&lt;br /&gt;\r\n&lt;br /&gt;\r\n&lt;span style=\"color:#555555;font-family:&quot;font-size:16px;background-color:#F7F7F7;\"&gt;\"怎么，怕了？\"见此，赵发眉头一弯，笑道。&lt;/span&gt;&lt;br /&gt;\r\n&lt;br /&gt;\r\n&lt;span style=\"color:#555555;font-family:&quot;font-size:16px;background-color:#F7F7F7;\"&gt;\"呵呵，赵发，你的确是踏入了淬体八重圆满之境，可是，这天地之大，能人辈出，你在此耀武扬威，不觉得自己是一个小丑吗？须知，在那些真正的天才眼中，你只是一个蝼蚁而已，根本微不足道。\"凌飞淡然一笑。&lt;/span&gt;&lt;br /&gt;\r\n&lt;br /&gt;\r\n&lt;span style=\"color:#555555;font-family:&quot;font-size:16px;background-color:#F7F7F7;\"&gt;从小饱读经典的凌飞，对武道世界也是有所了解。&lt;/span&gt;&lt;br /&gt;\r\n&lt;br /&gt;\r\n&lt;span style=\"color:#555555;font-family:&quot;font-size:16px;background-color:#F7F7F7;\"&gt;在这个世界，有许多的天才。&lt;/span&gt;&lt;br /&gt;\r\n&lt;br /&gt;\r\n&lt;span style=\"color:#555555;font-family:&quot;font-size:16px;background-color:#F7F7F7;\"&gt;有的人生下来就神力惊人，四五岁就有千斤之力。&lt;/span&gt;&lt;br /&gt;\r\n&lt;br /&gt;\r\n&lt;span style=\"color:#555555;font-family:&quot;font-size:16px;background-color:#F7F7F7;\"&gt;甚至，还有人可以操控水火。&lt;/span&gt;&lt;br /&gt;\r\n&lt;br /&gt;\r\n&lt;span style=\"color:#555555;font-family:&quot;font-size:16px;background-color:#F7F7F7;\"&gt;那些人才是真正的天之骄子。&lt;/span&gt;&lt;br /&gt;\r\n&lt;br /&gt;\r\n&lt;span style=\"color:#555555;font-family:&quot;font-size:16px;background-color:#F7F7F7;\"&gt;所以，凌飞一直怀着谦卑的心在修炼，并没有因为自己获得了《真龙炼体诀》而变得狂傲起来。&lt;/span&gt;\r\n&lt;/p&gt;',10000,'2019-03-21 23:50:16'),(12,1,'第四章 初露锋芒','&lt;p&gt;\r\n&lt;span style=\"line-height:2;\"&gt;&lt;/span&gt;&lt;span style=\"color:#555555;font-family:&quot;font-size:16px;background-color:#F7F7F7;\"&gt;砰！&lt;/span&gt;&lt;br /&gt;\r\n&lt;br /&gt;\r\n&lt;span style=\"color:#555555;font-family:&quot;font-size:16px;background-color:#F7F7F7;\"&gt;在练武场中，只听得一道沉闷的声音响起。&lt;/span&gt;&lt;br /&gt;\r\n&lt;br /&gt;\r\n&lt;span style=\"color:#555555;font-family:&quot;font-size:16px;background-color:#F7F7F7;\"&gt;而后，众人便是颇为诧异的看到凌飞那拳头结结实实的轰在了黄亮的鼻梁上。&lt;/span&gt;&lt;br /&gt;\r\n&lt;br /&gt;\r\n&lt;span style=\"color:#555555;font-family:&quot;font-size:16px;background-color:#F7F7F7;\"&gt;鼻血……&lt;/span&gt;&lt;br /&gt;\r\n&lt;br /&gt;\r\n&lt;span style=\"color:#555555;font-family:&quot;font-size:16px;background-color:#F7F7F7;\"&gt;从黄亮的鼻孔当中流出。&lt;/span&gt;&lt;br /&gt;\r\n&lt;br /&gt;\r\n&lt;span style=\"color:#555555;font-family:&quot;font-size:16px;background-color:#F7F7F7;\"&gt;在这股巨力之下，黄亮的身子踉跄而退，差点就栽倒在地。&lt;/span&gt;&lt;br /&gt;\r\n&lt;br /&gt;\r\n&lt;span style=\"color:#555555;font-family:&quot;font-size:16px;background-color:#F7F7F7;\"&gt;在看对面，凌飞的拳头收起，一脸淡然的站立在原地。&lt;/span&gt;&lt;br /&gt;\r\n&lt;br /&gt;\r\n&lt;span style=\"color:#555555;font-family:&quot;font-size:16px;background-color:#F7F7F7;\"&gt;如此一幕，让得赵发等人都愣在了原地。&lt;/span&gt;&lt;br /&gt;\r\n&lt;br /&gt;\r\n&lt;span style=\"color:#555555;font-family:&quot;font-size:16px;background-color:#F7F7F7;\"&gt;\"这凌飞真敢出手？\"赵发满脸错愕。&lt;/span&gt;&lt;br /&gt;\r\n&lt;br /&gt;\r\n&lt;span style=\"color:#555555;font-family:&quot;font-size:16px;background-color:#F7F7F7;\"&gt;\"这……这凌飞是吃了熊心豹子胆了吗？\"另外两个少年也是露出不可置信的神色。&lt;/span&gt;&lt;br /&gt;\r\n&lt;br /&gt;\r\n&lt;span style=\"color:#555555;font-family:&quot;font-size:16px;background-color:#F7F7F7;\"&gt;要知道，这些年来，他们可是没少奚落凌飞。&lt;/span&gt;&lt;br /&gt;\r\n&lt;br /&gt;\r\n&lt;span style=\"color:#555555;font-family:&quot;font-size:16px;background-color:#F7F7F7;\"&gt;可是，后者一直都如没事人一样，极少发怒，更别说会今天这样主动出手了。&lt;/span&gt;&lt;br /&gt;\r\n&lt;br /&gt;\r\n&lt;span style=\"color:#555555;font-family:&quot;font-size:16px;background-color:#F7F7F7;\"&gt;因为凌飞从小体弱多病，他们早就习惯了欺负凌飞，对凌飞也是无惧，从来没有想过会有今天。&lt;/span&gt;&lt;br /&gt;\r\n&lt;br /&gt;\r\n&lt;span style=\"color:#555555;font-family:&quot;font-size:16px;background-color:#F7F7F7;\"&gt;咚咚！&lt;/span&gt;&lt;br /&gt;\r\n&lt;br /&gt;\r\n&lt;span style=\"color:#555555;font-family:&quot;font-size:16px;background-color:#F7F7F7;\"&gt;黄亮的身子踉跄而退，那步伐落地，踩得地面发出阵阵闷响。&lt;/span&gt;&lt;br /&gt;\r\n&lt;br /&gt;\r\n&lt;span style=\"color:#555555;font-family:&quot;font-size:16px;background-color:#F7F7F7;\"&gt;身为淬体八重境的他，每一步落地都伴随着一股巨力。&lt;/span&gt;&lt;br /&gt;\r\n&lt;br /&gt;\r\n&lt;span style=\"color:#555555;font-family:&quot;font-size:16px;background-color:#F7F7F7;\"&gt;待得他稳住身形后，整个人立即怒了。&lt;/span&gt;&lt;br /&gt;\r\n&lt;br /&gt;\r\n&lt;span style=\"color:#555555;font-family:&quot;font-size:16px;background-color:#F7F7F7;\"&gt;\"凌飞，你居然敢打我？\"黄亮如发怒的狮子，咆哮道。&lt;/span&gt;&lt;br /&gt;\r\n&lt;br /&gt;\r\n&lt;span style=\"color:#555555;font-family:&quot;font-size:16px;background-color:#F7F7F7;\"&gt;\"为何不敢？\"凌飞眸光一凝，态度强硬的说道，\"只要辱及我父，就别怪我不客气。\"&lt;/span&gt;&lt;br /&gt;\r\n&lt;br /&gt;\r\n&lt;span style=\"color:#555555;font-family:&quot;font-size:16px;background-color:#F7F7F7;\"&gt;这话一出，让黄亮一怔。&lt;/span&gt;&lt;br /&gt;\r\n&lt;br /&gt;\r\n&lt;span style=\"color:#555555;font-family:&quot;font-size:16px;background-color:#F7F7F7;\"&gt;旁边的赵发等少年也是眉头一锁。&lt;/span&gt;&lt;br /&gt;\r\n&lt;br /&gt;\r\n&lt;span style=\"color:#555555;font-family:&quot;font-size:16px;background-color:#F7F7F7;\"&gt;\"这凌飞……今天似乎有些不一样啊！\"赵发心中暗忖着。&lt;/span&gt;&lt;br /&gt;\r\n&lt;br /&gt;\r\n&lt;span style=\"color:#555555;font-family:&quot;font-size:16px;background-color:#F7F7F7;\"&gt;不仅是赵发，吴大胖也愣住了。&lt;/span&gt;&lt;br /&gt;\r\n&lt;br /&gt;\r\n&lt;span style=\"color:#555555;font-family:&quot;font-size:16px;background-color:#F7F7F7;\"&gt;刚才凌飞出手之果决，超出了他以往对这个兄弟的认知。&lt;/span&gt;&lt;br /&gt;\r\n&lt;br /&gt;\r\n&lt;span style=\"color:#555555;font-family:&quot;font-size:16px;background-color:#F7F7F7;\"&gt;\"不错，飞哥，今天够爷们。\"在略微一愣后，吴大胖满脸兴奋的拍了下凌飞的肩膀。&lt;/span&gt;&lt;br /&gt;\r\n&lt;br /&gt;\r\n&lt;span style=\"color:#555555;font-family:&quot;font-size:16px;background-color:#F7F7F7;\"&gt;凌飞却显得很淡然，依旧不骄不躁，也无所畏惧。&lt;/span&gt;&lt;br /&gt;\r\n&lt;br /&gt;\r\n&lt;span style=\"color:#555555;font-family:&quot;font-size:16px;background-color:#F7F7F7;\"&gt;他做事，有自己的底线，分寸。&lt;/span&gt;&lt;br /&gt;\r\n&lt;br /&gt;\r\n&lt;span style=\"color:#555555;font-family:&quot;font-size:16px;background-color:#F7F7F7;\"&gt;这些人，骂他凌飞，可以。&lt;/span&gt;&lt;br /&gt;\r\n&lt;br /&gt;\r\n&lt;span style=\"color:#555555;font-family:&quot;font-size:16px;background-color:#F7F7F7;\"&gt;不与人争，不在自己还没有成长起来与人争！&lt;/span&gt;&lt;br /&gt;\r\n&lt;br /&gt;\r\n&lt;span style=\"color:#555555;font-family:&quot;font-size:16px;background-color:#F7F7F7;\"&gt;这是义父时常告诫的道理。&lt;/span&gt;&lt;br /&gt;\r\n&lt;br /&gt;\r\n&lt;span style=\"color:#555555;font-family:&quot;font-size:16px;background-color:#F7F7F7;\"&gt;凌飞也记在心中。&lt;/span&gt;&lt;br /&gt;\r\n&lt;br /&gt;\r\n&lt;span style=\"color:#555555;font-family:&quot;font-size:16px;background-color:#F7F7F7;\"&gt;可是……&lt;/span&gt;&lt;br /&gt;\r\n&lt;br /&gt;\r\n&lt;span style=\"color:#555555;font-family:&quot;font-size:16px;background-color:#F7F7F7;\"&gt;若这些人，辱及了他的家人，那就不可忍了。&lt;/span&gt;&lt;br /&gt;\r\n&lt;br /&gt;\r\n&lt;span style=\"color:#555555;font-family:&quot;font-size:16px;background-color:#F7F7F7;\"&gt;所以凌飞出手了。&lt;/span&gt;&lt;br /&gt;\r\n&lt;br /&gt;\r\n&lt;span style=\"color:#555555;font-family:&quot;font-size:16px;background-color:#F7F7F7;\"&gt;只是，此时的黄亮却怒火未消。&lt;/span&gt;&lt;br /&gt;\r\n&lt;br /&gt;\r\n&lt;span style=\"color:#555555;font-family:&quot;font-size:16px;background-color:#F7F7F7;\"&gt;凌飞这一拳，把他的鼻梁都打歪了。&lt;/span&gt;&lt;br /&gt;\r\n&lt;br /&gt;\r\n&lt;span style=\"color:#555555;font-family:&quot;font-size:16px;background-color:#F7F7F7;\"&gt;淬体八重，炼骨如铁石，使人筋骨都异常坚硬。&lt;/span&gt;&lt;br /&gt;\r\n&lt;br /&gt;\r\n&lt;span style=\"color:#555555;font-family:&quot;font-size:16px;background-color:#F7F7F7;\"&gt;若是凡人打黄亮一拳，非但不会伤及黄亮，反而会被那坚硬的骨骼给震痛。&lt;/span&gt;&lt;br /&gt;\r\n&lt;br /&gt;\r\n&lt;span style=\"color:#555555;font-family:&quot;font-size:16px;background-color:#F7F7F7;\"&gt;可凌飞不一样，他也是淬体八重境的修者，那一拳之力，足够击碎普通人的骨头了。&lt;/span&gt;&lt;br /&gt;\r\n&lt;br /&gt;\r\n&lt;span style=\"color:#555555;font-family:&quot;font-size:16px;background-color:#F7F7F7;\"&gt;\"好啊，凌飞，你长脾气了是吧！\"黄亮气汹汹的说道，\"有种的话，别偷袭，光明正大的和我一战。\"&lt;/span&gt;&lt;br /&gt;\r\n&lt;br /&gt;\r\n&lt;span style=\"color:#555555;font-family:&quot;font-size:16px;background-color:#F7F7F7;\"&gt;说完，黄亮大步迈出，一副要和凌飞决一胜负的样子。&lt;/span&gt;&lt;br /&gt;\r\n&lt;br /&gt;\r\n&lt;span style=\"color:#555555;font-family:&quot;font-size:16px;background-color:#F7F7F7;\"&gt;见这黄亮气势汹汹的模样，吴大胖连忙横在凌飞身前。&lt;/span&gt;&lt;br /&gt;\r\n&lt;br /&gt;\r\n&lt;span style=\"color:#555555;font-family:&quot;font-size:16px;background-color:#F7F7F7;\"&gt;这黄亮踏入淬体八重境可是已经过了四个月。&lt;/span&gt;&lt;br /&gt;\r\n&lt;br /&gt;\r\n&lt;span style=\"color:#555555;font-family:&quot;font-size:16px;background-color:#F7F7F7;\"&gt;凌飞才刚踏入淬体八重境而已，又怎能和黄亮争锋了？&lt;/span&gt;&lt;br /&gt;\r\n&lt;br /&gt;\r\n&lt;span style=\"color:#555555;font-family:&quot;font-size:16px;background-color:#F7F7F7;\"&gt;\"吴大胖！\"见吴大胖要插手，赵发眸光一冷，也是迈步向前。&lt;/span&gt;&lt;br /&gt;\r\n&lt;br /&gt;\r\n&lt;span style=\"color:#555555;font-family:&quot;font-size:16px;background-color:#F7F7F7;\"&gt;旁边两少年也是一起迈步。&lt;/span&gt;&lt;br /&gt;\r\n&lt;br /&gt;\r\n&lt;span style=\"color:#555555;font-family:&quot;font-size:16px;background-color:#F7F7F7;\"&gt;瞧这模样，如果吴大胖出手，他们也会加入战圈。&lt;/span&gt;&lt;br /&gt;\r\n&lt;br /&gt;\r\n&lt;span style=\"color:#555555;font-family:&quot;font-size:16px;background-color:#F7F7F7;\"&gt;\"无妨。\"凌飞伸手，示意吴大胖退下，道，\"我正好也想试试，我的力量怎样。\"&lt;/span&gt;&lt;br /&gt;\r\n&lt;br /&gt;\r\n&lt;span style=\"color:#555555;font-family:&quot;font-size:16px;background-color:#F7F7F7;\"&gt;如今踏入了淬体八重，凌飞感觉自己的身体逐渐得以恢复，那强者之路，就在眼前。&lt;/span&gt;&lt;br /&gt;\r\n&lt;br /&gt;\r\n&lt;span style=\"color:#555555;font-family:&quot;font-size:16px;background-color:#F7F7F7;\"&gt;所以，他也想试试自己的实力。&lt;/span&gt;&lt;br /&gt;\r\n&lt;br /&gt;\r\n&lt;span style=\"color:#555555;font-family:&quot;font-size:16px;background-color:#F7F7F7;\"&gt;所以在示意吴大胖退下后，凌飞自己脚步迈出，站在了前方。&lt;/span&gt;&lt;br /&gt;\r\n&lt;br /&gt;\r\n&lt;span style=\"color:#555555;font-family:&quot;font-size:16px;background-color:#F7F7F7;\"&gt;\"请！\"凌飞依旧一脸淡然，伸手向着黄亮道。&lt;/span&gt;&lt;br /&gt;\r\n&lt;br /&gt;\r\n&lt;span style=\"color:#555555;font-family:&quot;font-size:16px;background-color:#F7F7F7;\"&gt;瞧这模样，俨然是打算要光明正大的一战了。&lt;/span&gt;&lt;br /&gt;\r\n&lt;br /&gt;\r\n&lt;span style=\"color:#555555;font-family:&quot;font-size:16px;background-color:#F7F7F7;\"&gt;\"这家伙还真敢应战？\"见此，赵发一怔。&lt;/span&gt;&lt;br /&gt;\r\n&lt;br /&gt;\r\n&lt;span style=\"color:#555555;font-family:&quot;font-size:16px;background-color:#F7F7F7;\"&gt;\"我怎么感觉凌飞这小子今天有些不对劲啊！\"旁边另外两个淬体八重的少年瞪大了眼睛低声道。&lt;/span&gt;&lt;br /&gt;\r\n&lt;br /&gt;\r\n&lt;span style=\"color:#555555;font-family:&quot;font-size:16px;background-color:#F7F7F7;\"&gt;\"好。\"黄亮一喜，心中暗忖着，\"看我今天不将你打得满地找牙。\"&lt;/span&gt;&lt;br /&gt;\r\n&lt;br /&gt;\r\n&lt;span style=\"color:#555555;font-family:&quot;font-size:16px;background-color:#F7F7F7;\"&gt;在暗忖一句后，他拳头紧握，暗暗将劲力运起。&lt;/span&gt;&lt;br /&gt;\r\n&lt;br /&gt;\r\n&lt;span style=\"color:#555555;font-family:&quot;font-size:16px;background-color:#F7F7F7;\"&gt;\"碎石拳！\"&lt;/span&gt;&lt;br /&gt;\r\n&lt;br /&gt;\r\n&lt;span style=\"color:#555555;font-family:&quot;font-size:16px;background-color:#F7F7F7;\"&gt;低沉的声音从黄亮口中吐出。&lt;/span&gt;&lt;br /&gt;\r\n&lt;br /&gt;\r\n&lt;span style=\"color:#555555;font-family:&quot;font-size:16px;background-color:#F7F7F7;\"&gt;只见得黄亮大步迈出，那拳头猛地向着前方凌飞捣出。&lt;/span&gt;&lt;br /&gt;\r\n&lt;br /&gt;\r\n&lt;span style=\"color:#555555;font-family:&quot;font-size:16px;background-color:#F7F7F7;\"&gt;这拳头奇快无比，超出了常人，带起了阵阵破空之声。&lt;/span&gt;&lt;br /&gt;\r\n&lt;br /&gt;\r\n&lt;span style=\"color:#555555;font-family:&quot;font-size:16px;background-color:#F7F7F7;\"&gt;才出手而已，眨眼间就已经出现在了凌飞的身前。&lt;/span&gt;&lt;br /&gt;\r\n&lt;br /&gt;\r\n&lt;span style=\"color:#555555;font-family:&quot;font-size:16px;background-color:#F7F7F7;\"&gt;拳头击来，凌飞却显得很淡然。&lt;/span&gt;&lt;br /&gt;\r\n&lt;br /&gt;\r\n&lt;span style=\"color:#555555;font-family:&quot;font-size:16px;background-color:#F7F7F7;\"&gt;他双眸中光芒闪烁，紧紧盯着前方。&lt;/span&gt;&lt;br /&gt;\r\n&lt;br /&gt;\r\n&lt;span style=\"color:#555555;font-family:&quot;font-size:16px;background-color:#F7F7F7;\"&gt;黄亮那拳头击来的轨迹，完全被他所捕捉到。&lt;/span&gt;&lt;br /&gt;\r\n&lt;br /&gt;\r\n&lt;span style=\"color:#555555;font-family:&quot;font-size:16px;background-color:#F7F7F7;\"&gt;若仔细看去，黄亮这紧握的拳头，那中指结微微突出。&lt;/span&gt;&lt;br /&gt;\r\n&lt;br /&gt;\r\n&lt;span style=\"color:#555555;font-family:&quot;font-size:16px;background-color:#F7F7F7;\"&gt;\"这是碎石拳的第二式，破石！\"凌飞眼睛一亮。&lt;/span&gt;&lt;br /&gt;\r\n&lt;br /&gt;\r\n&lt;span style=\"color:#555555;font-family:&quot;font-size:16px;background-color:#F7F7F7;\"&gt;碎石拳分为三式。&lt;/span&gt;&lt;br /&gt;\r\n&lt;br /&gt;\r\n&lt;span style=\"color:#555555;font-family:&quot;font-size:16px;background-color:#F7F7F7;\"&gt;第一式，击石！&lt;/span&gt;&lt;br /&gt;\r\n&lt;br /&gt;\r\n&lt;span style=\"color:#555555;font-family:&quot;font-size:16px;background-color:#F7F7F7;\"&gt;第二式，破石！&lt;/span&gt;&lt;br /&gt;\r\n&lt;br /&gt;\r\n&lt;span style=\"color:#555555;font-family:&quot;font-size:16px;background-color:#F7F7F7;\"&gt;第三式，碎石！&lt;/span&gt;&lt;br /&gt;\r\n&lt;br /&gt;\r\n&lt;span style=\"color:#555555;font-family:&quot;font-size:16px;background-color:#F7F7F7;\"&gt;这第二式，是将整个拳头的劲力，集中在中指骨结之上。&lt;/span&gt;&lt;br /&gt;\r\n&lt;br /&gt;\r\n&lt;span style=\"color:#555555;font-family:&quot;font-size:16px;background-color:#F7F7F7;\"&gt;这一击下去，坚硬的花岩都会被击出裂纹。&lt;/span&gt;&lt;br /&gt;\r\n&lt;br /&gt;\r\n&lt;span style=\"color:#555555;font-family:&quot;font-size:16px;background-color:#F7F7F7;\"&gt;若是修为不够，被此拳击中，骨骼必然会断裂。&lt;/span&gt;&lt;br /&gt;\r\n&lt;br /&gt;\r\n&lt;span style=\"color:#555555;font-family:&quot;font-size:16px;background-color:#F7F7F7;\"&gt;\"那么，就看看，谁的骨骼更硬！\"对于这一拳，凌飞并没有闪避的意思。&lt;/span&gt;&lt;br /&gt;\r\n&lt;br /&gt;\r\n&lt;span style=\"color:#555555;font-family:&quot;font-size:16px;background-color:#F7F7F7;\"&gt;只见得他眸光一闪，那步伐，再度迈出，而后，拳头也是猛然捣出，直接向着那黄亮迎击而去。&lt;/span&gt;&lt;br /&gt;\r\n&lt;br /&gt;\r\n&lt;span style=\"color:#555555;font-family:&quot;font-size:16px;background-color:#F7F7F7;\"&gt;\"亮哥踏入淬体八重已经四个月了，骨骼坚硬无比，这凌大病秧子前天还只是淬体七重而已，他居然敢正面迎击，哈哈，我倒要看看他的拳头骨骼断裂多少。\"见此，那两个少年嘴角勾起了戏谑的弧度。&lt;/span&gt;&lt;br /&gt;\r\n&lt;br /&gt;\r\n&lt;span style=\"color:#555555;font-family:&quot;font-size:16px;background-color:#F7F7F7;\"&gt;赵发双手抱胸，也是一脸看戏的模样。&lt;/span&gt;&lt;br /&gt;\r\n&lt;br /&gt;\r\n&lt;span style=\"color:#555555;font-family:&quot;font-size:16px;background-color:#F7F7F7;\"&gt;\"飞哥踏入了淬体八重境，倒是不会出大问题，可是这般硬击也难免小伤。\"吴大胖略显担心。&lt;/span&gt;&lt;br /&gt;\r\n&lt;br /&gt;\r\n&lt;span style=\"color:#555555;font-family:&quot;font-size:16px;background-color:#F7F7F7;\"&gt;\"二货，和小爷硬撼，找死！\"望着眼前轰来的拳头，黄亮脸露笑容。&lt;/span&gt;&lt;br /&gt;\r\n&lt;br /&gt;\r\n&lt;span style=\"color:#555555;font-family:&quot;font-size:16px;background-color:#F7F7F7;\"&gt;瞬息间，两只拳头一闪，猛然撞击在一起。&lt;/span&gt;&lt;br /&gt;\r\n&lt;br /&gt;\r\n&lt;span style=\"color:#555555;font-family:&quot;font-size:16px;background-color:#F7F7F7;\"&gt;轰！&lt;/span&gt;&lt;br /&gt;\r\n&lt;br /&gt;\r\n&lt;span style=\"color:#555555;font-family:&quot;font-size:16px;background-color:#F7F7F7;\"&gt;当这拳头交击的刹那，巨响传出。&lt;/span&gt;&lt;br /&gt;\r\n&lt;br /&gt;\r\n&lt;span style=\"color:#555555;font-family:&quot;font-size:16px;background-color:#F7F7F7;\"&gt;两人那猛烈的拳劲在冲击。&lt;/span&gt;&lt;br /&gt;\r\n&lt;br /&gt;\r\n&lt;span style=\"color:#555555;font-family:&quot;font-size:16px;background-color:#F7F7F7;\"&gt;嗡！&lt;/span&gt;&lt;br /&gt;\r\n&lt;br /&gt;\r\n&lt;span style=\"color:#555555;font-family:&quot;font-size:16px;background-color:#F7F7F7;\"&gt;而后，一道闷响传出。&lt;/span&gt;&lt;br /&gt;\r\n&lt;br /&gt;\r\n&lt;span style=\"color:#555555;font-family:&quot;font-size:16px;background-color:#F7F7F7;\"&gt;若仔细听去，这是骨骼龟裂的声音。&lt;/span&gt;\r\n&lt;/p&gt;',10000,'2019-03-22 23:50:16'),(13,1,'第五章 信心','&lt;p&gt;\r\n&lt;span style=\"line-height:2;\"&gt;&lt;/span&gt;&lt;span style=\"color:#555555;font-family:&quot;font-size:16px;background-color:#F7F7F7;\"&gt;练武场当中，黄亮被凌飞击退。&lt;/span&gt;&lt;br /&gt;\r\n&lt;br /&gt;\r\n&lt;span style=\"color:#555555;font-family:&quot;font-size:16px;background-color:#F7F7F7;\"&gt;\"亮哥踏入淬体八重境已经四个月了，这凌飞前天还只是淬体七重境而已，他怎么能正面击退亮哥，难道，这家伙之前隐藏了修为？不，就算如此，他也不可能击裂亮哥的骨骼……除非他踏入了淬体九重境才行！\"一个少年喃喃道。&lt;/span&gt;&lt;br /&gt;\r\n&lt;br /&gt;\r\n&lt;span style=\"color:#555555;font-family:&quot;font-size:16px;background-color:#F7F7F7;\"&gt;\"淬体九重境？\"赵发眉头紧锁，而后摇了摇头道，\"凌飞从小体弱多病，你我是早就知道，就算他现在身体逐渐好转，却依旧还没有完全恢复，如今，我都还没有踏入淬体九重，他也能？\"&lt;/span&gt;&lt;br /&gt;\r\n&lt;br /&gt;\r\n&lt;span style=\"color:#555555;font-family:&quot;font-size:16px;background-color:#F7F7F7;\"&gt;\"那是怎么回事？\"另外两个少年相视一眼，皆是露出诧异之色。&lt;/span&gt;&lt;br /&gt;\r\n&lt;br /&gt;\r\n&lt;span style=\"color:#555555;font-family:&quot;font-size:16px;background-color:#F7F7F7;\"&gt;今天的事情，真的出乎了他们的预料。&lt;/span&gt;&lt;br /&gt;\r\n&lt;br /&gt;\r\n&lt;span style=\"color:#555555;font-family:&quot;font-size:16px;background-color:#F7F7F7;\"&gt;赵发摇头，也不明白是怎么回事。&lt;/span&gt;&lt;br /&gt;\r\n&lt;br /&gt;\r\n&lt;span style=\"color:#555555;font-family:&quot;font-size:16px;background-color:#F7F7F7;\"&gt;此时他眸光一动，向着前方瞅去。&lt;/span&gt;&lt;br /&gt;\r\n&lt;br /&gt;\r\n&lt;span style=\"color:#555555;font-family:&quot;font-size:16px;background-color:#F7F7F7;\"&gt;首先落入他视线当中的是黄亮那有些肿胀的拳头。&lt;/span&gt;&lt;br /&gt;\r\n&lt;br /&gt;\r\n&lt;span style=\"color:#555555;font-family:&quot;font-size:16px;background-color:#F7F7F7;\"&gt;显然，骨骼龟裂后，黄亮的血肉也受伤了。&lt;/span&gt;&lt;br /&gt;\r\n&lt;br /&gt;\r\n&lt;span style=\"color:#555555;font-family:&quot;font-size:16px;background-color:#F7F7F7;\"&gt;反观另外一边，凌飞双手垂落，却显得安然无恙。&lt;/span&gt;&lt;br /&gt;\r\n&lt;br /&gt;\r\n&lt;span style=\"color:#555555;font-family:&quot;font-size:16px;background-color:#F7F7F7;\"&gt;这说明，在刚才的这一击当中，他并没有受到一丝损伤。&lt;/span&gt;&lt;br /&gt;\r\n&lt;br /&gt;\r\n&lt;span style=\"color:#555555;font-family:&quot;font-size:16px;background-color:#F7F7F7;\"&gt;\"牛，飞哥，你啥时这么生猛了？\"在见得黄亮嗷嗷大叫后，吴大胖在略微一愣后立即兴奋道。&lt;/span&gt;&lt;br /&gt;\r\n&lt;br /&gt;\r\n&lt;span style=\"color:#555555;font-family:&quot;font-size:16px;background-color:#F7F7F7;\"&gt;\"修炼了《真龙炼体诀》的我，骨骼的确比普通武道修者要坚硬。\"此时，凌飞心中暗忖，那眸光充满了自信，体内的血流在加速，心情有着几分兴奋，虽然他早就知道《真龙炼体诀》不凡，却也没有想到会那么强悍。&lt;/span&gt;&lt;br /&gt;\r\n&lt;br /&gt;\r\n&lt;span style=\"color:#555555;font-family:&quot;font-size:16px;background-color:#F7F7F7;\"&gt;毕竟，有的法诀名字取得很霸道，可实际上却是华而不实。&lt;/span&gt;&lt;br /&gt;\r\n&lt;br /&gt;\r\n&lt;span style=\"color:#555555;font-family:&quot;font-size:16px;background-color:#F7F7F7;\"&gt;再者，同样是淬体八重，他感觉自己也不会比其他人强太多。&lt;/span&gt;&lt;br /&gt;\r\n&lt;br /&gt;\r\n&lt;span style=\"color:#555555;font-family:&quot;font-size:16px;background-color:#F7F7F7;\"&gt;可现在看来，自己还是低估了《真龙炼体诀》的威力。&lt;/span&gt;&lt;br /&gt;\r\n&lt;br /&gt;\r\n&lt;span style=\"color:#555555;font-family:&quot;font-size:16px;background-color:#F7F7F7;\"&gt;这套功法，并没有夸大其词。&lt;/span&gt;&lt;br /&gt;\r\n&lt;br /&gt;\r\n&lt;span style=\"color:#555555;font-family:&quot;font-size:16px;background-color:#F7F7F7;\"&gt;\"我低估了《真龙炼体诀》的威力。\"这使得凌飞对未来的强者之路，又多了几分信心。&lt;/span&gt;&lt;br /&gt;\r\n&lt;br /&gt;\r\n&lt;span style=\"color:#555555;font-family:&quot;font-size:16px;background-color:#F7F7F7;\"&gt;\"我的手……\"黄亮满脸不可置信的瞅向自己那肿胀的右手。&lt;/span&gt;&lt;br /&gt;\r\n&lt;br /&gt;\r\n&lt;span style=\"color:#555555;font-family:&quot;font-size:16px;background-color:#F7F7F7;\"&gt;此时他只要一动力，那指骨就是一阵剧痛。&lt;/span&gt;&lt;br /&gt;\r\n&lt;br /&gt;\r\n&lt;span style=\"color:#555555;font-family:&quot;font-size:16px;background-color:#F7F7F7;\"&gt;那种剧痛连着心，让人难受无比，全身的神经都跟着在抽痛。&lt;/span&gt;&lt;br /&gt;\r\n&lt;br /&gt;\r\n&lt;span style=\"color:#555555;font-family:&quot;font-size:16px;background-color:#F7F7F7;\"&gt;\"你的骨骼怎么那么坚硬，不信，你肯定是用了什么手段！\"黄亮眸光上扬瞅向了凌飞。&lt;/span&gt;&lt;br /&gt;\r\n&lt;br /&gt;\r\n&lt;span style=\"color:#555555;font-family:&quot;font-size:16px;background-color:#F7F7F7;\"&gt;\"我为什么就不能比你强？\"凌飞淡淡的说道。&lt;/span&gt;&lt;br /&gt;\r\n&lt;br /&gt;\r\n&lt;span style=\"color:#555555;font-family:&quot;font-size:16px;background-color:#F7F7F7;\"&gt;\"不，你一个病秧子怎么可能比我强，我不信。\"黄亮顿时恼羞成怒。&lt;/span&gt;&lt;br /&gt;\r\n&lt;br /&gt;\r\n&lt;span style=\"color:#555555;font-family:&quot;font-size:16px;background-color:#F7F7F7;\"&gt;当初可是他一直这般居高临下的俯视着对方啊，现在这种反差，让他难以接受。&lt;/span&gt;&lt;br /&gt;\r\n&lt;br /&gt;\r\n&lt;span style=\"color:#555555;font-family:&quot;font-size:16px;background-color:#F7F7F7;\"&gt;顿时，黄亮状若疯狂，那前脚迈出，身子随之一躬，全身劲力骤然凝聚。&lt;/span&gt;&lt;br /&gt;\r\n&lt;br /&gt;\r\n&lt;span style=\"color:#555555;font-family:&quot;font-size:16px;background-color:#F7F7F7;\"&gt;呼！&lt;/span&gt;&lt;br /&gt;\r\n&lt;br /&gt;\r\n&lt;span style=\"color:#555555;font-family:&quot;font-size:16px;background-color:#F7F7F7;\"&gt;而后，只见得他如同饿虎扑出，那左手化爪，从下往上，向着凌飞的下颔撩去。&lt;/span&gt;&lt;br /&gt;\r\n&lt;br /&gt;\r\n&lt;span style=\"color:#555555;font-family:&quot;font-size:16px;background-color:#F7F7F7;\"&gt;这是虎拳当中的猛虎下山！&lt;/span&gt;&lt;br /&gt;\r\n&lt;br /&gt;\r\n&lt;span style=\"color:#555555;font-family:&quot;font-size:16px;background-color:#F7F7F7;\"&gt;本来，这是要双手齐动，右手从上往下扑下。&lt;/span&gt;&lt;br /&gt;\r\n&lt;br /&gt;\r\n&lt;span style=\"color:#555555;font-family:&quot;font-size:16px;background-color:#F7F7F7;\"&gt;如此，双手配合，让人难以抵挡。&lt;/span&gt;&lt;br /&gt;\r\n&lt;br /&gt;\r\n&lt;span style=\"color:#555555;font-family:&quot;font-size:16px;background-color:#F7F7F7;\"&gt;只是这黄亮右手已经受伤了。&lt;/span&gt;&lt;br /&gt;\r\n&lt;br /&gt;\r\n&lt;span style=\"color:#555555;font-family:&quot;font-size:16px;background-color:#F7F7F7;\"&gt;饶是如此，这一击依旧生猛无比。&lt;/span&gt;&lt;br /&gt;\r\n&lt;br /&gt;\r\n&lt;span style=\"color:#555555;font-family:&quot;font-size:16px;background-color:#F7F7F7;\"&gt;可是，少了一只手，黄亮的中门露出，留下了破绽。&lt;/span&gt;&lt;br /&gt;\r\n&lt;br /&gt;\r\n&lt;span style=\"color:#555555;font-family:&quot;font-size:16px;background-color:#F7F7F7;\"&gt;\"还敢继续出手？\"凌飞眉头一弯，在低哼一声后，不退反进。&lt;/span&gt;&lt;br /&gt;\r\n&lt;br /&gt;\r\n&lt;span style=\"color:#555555;font-family:&quot;font-size:16px;background-color:#F7F7F7;\"&gt;只见得他步伐迈出，右手如蛇，直接探出，而后向着黄亮那扑来的左手腕扣去，那数度之快，比起黄亮还要强过几分。&lt;/span&gt;&lt;br /&gt;\r\n&lt;br /&gt;\r\n&lt;span style=\"color:#555555;font-family:&quot;font-size:16px;background-color:#F7F7F7;\"&gt;呼！&lt;/span&gt;&lt;br /&gt;\r\n&lt;br /&gt;\r\n&lt;span style=\"color:#555555;font-family:&quot;font-size:16px;background-color:#F7F7F7;\"&gt;凌飞的手如铁钳，将黄亮那左手扣住，使得后者那猛扑而来的身子一顿。&lt;/span&gt;&lt;br /&gt;\r\n&lt;br /&gt;\r\n&lt;span style=\"color:#555555;font-family:&quot;font-size:16px;background-color:#F7F7F7;\"&gt;而后，凌飞眸光一闪，左脚猛地一动，一脚便是踢在了黄亮的胸腹之间。&lt;/span&gt;&lt;br /&gt;\r\n&lt;br /&gt;\r\n&lt;span style=\"color:#555555;font-family:&quot;font-size:16px;background-color:#F7F7F7;\"&gt;嗡！&lt;/span&gt;&lt;br /&gt;\r\n&lt;br /&gt;\r\n&lt;span style=\"color:#555555;font-family:&quot;font-size:16px;background-color:#F7F7F7;\"&gt;骨骼龟裂的声音响起。&lt;/span&gt;&lt;br /&gt;\r\n&lt;br /&gt;\r\n&lt;span style=\"color:#555555;font-family:&quot;font-size:16px;background-color:#F7F7F7;\"&gt;而后，黄亮的身子如同断线的风筝向着后方飞去。&lt;/span&gt;&lt;br /&gt;\r\n&lt;br /&gt;\r\n&lt;span style=\"color:#555555;font-family:&quot;font-size:16px;background-color:#F7F7F7;\"&gt;咚！&lt;/span&gt;&lt;br /&gt;\r\n&lt;br /&gt;\r\n&lt;span style=\"color:#555555;font-family:&quot;font-size:16px;background-color:#F7F7F7;\"&gt;待得一声沉重的声音响起，却见得黄亮狠狠的落在地上。&lt;/span&gt;&lt;br /&gt;\r\n&lt;br /&gt;\r\n&lt;span style=\"color:#555555;font-family:&quot;font-size:16px;background-color:#F7F7F7;\"&gt;在他口中，有着鲜血吐出。&lt;/span&gt;&lt;br /&gt;\r\n&lt;br /&gt;\r\n&lt;span style=\"color:#555555;font-family:&quot;font-size:16px;background-color:#F7F7F7;\"&gt;他趴在地上，大口大口喘着气，连呼吸都变得困难了起来。&lt;/span&gt;&lt;br /&gt;\r\n&lt;br /&gt;\r\n&lt;span style=\"color:#555555;font-family:&quot;font-size:16px;background-color:#F7F7F7;\"&gt;这一次，他是真的受伤了。&lt;/span&gt;&lt;br /&gt;\r\n&lt;br /&gt;\r\n&lt;span style=\"color:#555555;font-family:&quot;font-size:16px;background-color:#F7F7F7;\"&gt;赵发和另外两个少年完全愣在了原地。&lt;/span&gt;&lt;br /&gt;\r\n&lt;br /&gt;\r\n&lt;span style=\"color:#555555;font-family:&quot;font-size:16px;background-color:#F7F7F7;\"&gt;刚才凌飞出手，一切都是那么的从容淡定，俨然是一副大将之风。&lt;/span&gt;&lt;br /&gt;\r\n&lt;br /&gt;\r\n&lt;span style=\"color:#555555;font-family:&quot;font-size:16px;background-color:#F7F7F7;\"&gt;\"猛，飞哥，你真猛！\"吴大胖满脸兴奋的叫道。&lt;/span&gt;&lt;br /&gt;\r\n&lt;br /&gt;\r\n&lt;span style=\"color:#555555;font-family:&quot;font-size:16px;background-color:#F7F7F7;\"&gt;\"哇，我看到什么了？刚才凌飞将那黄亮一脚踢飞了？\"&lt;/span&gt;&lt;br /&gt;\r\n&lt;br /&gt;\r\n&lt;span style=\"color:#555555;font-family:&quot;font-size:16px;background-color:#F7F7F7;\"&gt;也就在此时，有突兀的声音在练武场响起。&lt;/span&gt;&lt;br /&gt;\r\n&lt;br /&gt;\r\n&lt;span style=\"color:#555555;font-family:&quot;font-size:16px;background-color:#F7F7F7;\"&gt;却是一群平日与凌飞练武的同龄少年，成群结队的向此而来。&lt;/span&gt;&lt;br /&gt;\r\n&lt;br /&gt;\r\n&lt;span style=\"color:#555555;font-family:&quot;font-size:16px;background-color:#F7F7F7;\"&gt;\"我也看到了。\"&lt;/span&gt;&lt;br /&gt;\r\n&lt;br /&gt;\r\n&lt;span style=\"color:#555555;font-family:&quot;font-size:16px;background-color:#F7F7F7;\"&gt;\"我眼睛花了？这凌飞可是有名的凌大病秧子，他能一脚踢飞黄亮？\"&lt;/span&gt;&lt;br /&gt;\r\n&lt;br /&gt;\r\n&lt;span style=\"color:#555555;font-family:&quot;font-size:16px;background-color:#F7F7F7;\"&gt;这些人，刚才远远的就看到了凌飞和黄亮交手的画面。&lt;/span&gt;&lt;br /&gt;\r\n&lt;br /&gt;\r\n&lt;span style=\"color:#555555;font-family:&quot;font-size:16px;background-color:#F7F7F7;\"&gt;在瞧得黄亮被踢飞后，众人都露出不可置信的表情。&lt;/span&gt;&lt;br /&gt;\r\n&lt;br /&gt;\r\n&lt;span style=\"color:#555555;font-family:&quot;font-size:16px;background-color:#F7F7F7;\"&gt;甚至，还有人揉了揉眼睛，一副怀疑的模样。&lt;/span&gt;&lt;br /&gt;\r\n&lt;br /&gt;\r\n&lt;span style=\"color:#555555;font-family:&quot;font-size:16px;background-color:#F7F7F7;\"&gt;带着满脸好奇，这些少年少女立即围了上来。&lt;/span&gt;&lt;br /&gt;\r\n&lt;br /&gt;\r\n&lt;span style=\"color:#555555;font-family:&quot;font-size:16px;background-color:#F7F7F7;\"&gt;而赵发等人已经将黄亮扶起。&lt;/span&gt;&lt;br /&gt;\r\n&lt;br /&gt;\r\n&lt;span style=\"color:#555555;font-family:&quot;font-size:16px;background-color:#F7F7F7;\"&gt;\"黄亮，你刚才是被凌大病秧子踢飞了吗？\"&lt;/span&gt;&lt;br /&gt;\r\n&lt;br /&gt;\r\n&lt;span style=\"color:#555555;font-family:&quot;font-size:16px;background-color:#F7F7F7;\"&gt;\"黄亮，你的手也是被他打肿了吗？\"&lt;/span&gt;&lt;br /&gt;\r\n&lt;br /&gt;\r\n&lt;span style=\"color:#555555;font-family:&quot;font-size:16px;background-color:#F7F7F7;\"&gt;\"你痛吗？\"当这些人围来，立即向黄亮开口询问。&lt;/span&gt;&lt;br /&gt;\r\n&lt;br /&gt;\r\n&lt;span style=\"color:#555555;font-family:&quot;font-size:16px;background-color:#F7F7F7;\"&gt;\"我痛吗？\"这让黄亮听后无地自容，差点吐出了一口老血。&lt;/span&gt;\r\n&lt;/p&gt;',10000,'2019-03-22 23:50:16'),(14,1,'第六章 忌惮','&lt;p&gt;\r\n&lt;span style=\"line-height:2;\"&gt;&lt;/span&gt;&lt;span style=\"color:#555555;font-family:&quot;font-size:16px;background-color:#F7F7F7;\"&gt;凌飞连续出手将黄亮击飞。&lt;/span&gt;&lt;br /&gt;\r\n&lt;br /&gt;\r\n&lt;span style=\"color:#555555;font-family:&quot;font-size:16px;background-color:#F7F7F7;\"&gt;这引起了哗然，也赢得了自己的尊严。&lt;/span&gt;&lt;br /&gt;\r\n&lt;br /&gt;\r\n&lt;span style=\"color:#555555;font-family:&quot;font-size:16px;background-color:#F7F7F7;\"&gt;\"都杵在那里干什么？\"也就在此时，一道低沉的声音突然响起。&lt;/span&gt;&lt;br /&gt;\r\n&lt;br /&gt;\r\n&lt;span style=\"color:#555555;font-family:&quot;font-size:16px;background-color:#F7F7F7;\"&gt;却不知在什么时候，前方武台上已经出现了一个身穿青色劲装的中年男子。&lt;/span&gt;&lt;br /&gt;\r\n&lt;br /&gt;\r\n&lt;span style=\"color:#555555;font-family:&quot;font-size:16px;background-color:#F7F7F7;\"&gt;这男子正是龙潭镇练武场的武师，名为张权，曾经进入过神选学院。&lt;/span&gt;&lt;br /&gt;\r\n&lt;br /&gt;\r\n&lt;span style=\"color:#555555;font-family:&quot;font-size:16px;background-color:#F7F7F7;\"&gt;\"张师父！\"见此，这些少年立即汇集在了前方武台下。&lt;/span&gt;&lt;br /&gt;\r\n&lt;br /&gt;\r\n&lt;span style=\"color:#555555;font-family:&quot;font-size:16px;background-color:#F7F7F7;\"&gt;\"刚才黄亮与凌飞的交手我也看到了，今天便给你们再次讲解下碎石拳和猛虎拳。\"武台上，张权双手背负，扫视着下方的少年道。&lt;/span&gt;&lt;br /&gt;\r\n&lt;br /&gt;\r\n&lt;span style=\"color:#555555;font-family:&quot;font-size:16px;background-color:#F7F7F7;\"&gt;\"好啊！\"闻言，台下的少年皆是眸露火热。&lt;/span&gt;&lt;br /&gt;\r\n&lt;br /&gt;\r\n&lt;span style=\"color:#555555;font-family:&quot;font-size:16px;background-color:#F7F7F7;\"&gt;\"碎石拳，讲究的是爆发力！\"武台上，张权边说，边示范。&lt;/span&gt;&lt;br /&gt;\r\n&lt;br /&gt;\r\n&lt;span style=\"color:#555555;font-family:&quot;font-size:16px;background-color:#F7F7F7;\"&gt;\"首先，姿势得对，只有腰力与臂力完美结合，出可以发挥出这一拳的威力。\"&lt;/span&gt;&lt;br /&gt;\r\n&lt;br /&gt;\r\n&lt;span style=\"color:#555555;font-family:&quot;font-size:16px;background-color:#F7F7F7;\"&gt;张权说道。&lt;/span&gt;&lt;br /&gt;\r\n&lt;br /&gt;\r\n&lt;span style=\"color:#555555;font-family:&quot;font-size:16px;background-color:#F7F7F7;\"&gt;\"随后，便是蓄力，当力量运入拳头间时，便当以雷霆之势击出。\"&lt;/span&gt;&lt;br /&gt;\r\n&lt;br /&gt;\r\n&lt;span style=\"color:#555555;font-family:&quot;font-size:16px;background-color:#F7F7F7;\"&gt;呼！&lt;/span&gt;&lt;br /&gt;\r\n&lt;br /&gt;\r\n&lt;span style=\"color:#555555;font-family:&quot;font-size:16px;background-color:#F7F7F7;\"&gt;只见他身子一动。&lt;/span&gt;&lt;br /&gt;\r\n&lt;br /&gt;\r\n&lt;span style=\"color:#555555;font-family:&quot;font-size:16px;background-color:#F7F7F7;\"&gt;轰！&lt;/span&gt;&lt;br /&gt;\r\n&lt;br /&gt;\r\n&lt;span style=\"color:#555555;font-family:&quot;font-size:16px;background-color:#F7F7F7;\"&gt;张权拳头一动，便是轰在拳头的一块岩石上。&lt;/span&gt;&lt;br /&gt;\r\n&lt;br /&gt;\r\n&lt;span style=\"color:#555555;font-family:&quot;font-size:16px;background-color:#F7F7F7;\"&gt;砰！&lt;/span&gt;&lt;br /&gt;\r\n&lt;br /&gt;\r\n&lt;span style=\"color:#555555;font-family:&quot;font-size:16px;background-color:#F7F7F7;\"&gt;岩石碎裂，就此崩开。&lt;/span&gt;&lt;br /&gt;\r\n&lt;br /&gt;\r\n&lt;span style=\"color:#555555;font-family:&quot;font-size:16px;background-color:#F7F7F7;\"&gt;\"好厉害！\"下面的少年皆是满脸兴奋。&lt;/span&gt;&lt;br /&gt;\r\n&lt;br /&gt;\r\n&lt;span style=\"color:#555555;font-family:&quot;font-size:16px;background-color:#F7F7F7;\"&gt;他们最喜欢的就是看张师父演示武学了。&lt;/span&gt;&lt;br /&gt;\r\n&lt;br /&gt;\r\n&lt;span style=\"color:#555555;font-family:&quot;font-size:16px;background-color:#F7F7F7;\"&gt;那开碑碎石的力量，让他们向往。&lt;/span&gt;&lt;br /&gt;\r\n&lt;br /&gt;\r\n&lt;span style=\"color:#555555;font-family:&quot;font-size:16px;background-color:#F7F7F7;\"&gt;\"拳法也有等级！\"在一拳出后，张权继续解说。&lt;/span&gt;&lt;br /&gt;\r\n&lt;br /&gt;\r\n&lt;span style=\"color:#555555;font-family:&quot;font-size:16px;background-color:#F7F7F7;\"&gt;\"初入门，腰动，拳随之而动。\"&lt;/span&gt;&lt;br /&gt;\r\n&lt;br /&gt;\r\n&lt;span style=\"color:#555555;font-family:&quot;font-size:16px;background-color:#F7F7F7;\"&gt;\"小有成就，腰与拳齐动！\"张权说道。&lt;/span&gt;&lt;br /&gt;\r\n&lt;br /&gt;\r\n&lt;span style=\"color:#555555;font-family:&quot;font-size:16px;background-color:#F7F7F7;\"&gt;下面的人仔细听着。&lt;/span&gt;&lt;br /&gt;\r\n&lt;br /&gt;\r\n&lt;span style=\"color:#555555;font-family:&quot;font-size:16px;background-color:#F7F7F7;\"&gt;凌飞也在仔细的聆听。&lt;/span&gt;&lt;br /&gt;\r\n&lt;br /&gt;\r\n&lt;span style=\"color:#555555;font-family:&quot;font-size:16px;background-color:#F7F7F7;\"&gt;\"若拳法大成，那便是传说中的心动了。\"张权微眯着眼睛，说道。&lt;/span&gt;&lt;br /&gt;\r\n&lt;br /&gt;\r\n&lt;span style=\"color:#555555;font-family:&quot;font-size:16px;background-color:#F7F7F7;\"&gt;\"张师父，什么是心动？\"有人不解。&lt;/span&gt;&lt;br /&gt;\r\n&lt;br /&gt;\r\n&lt;span style=\"color:#555555;font-family:&quot;font-size:16px;background-color:#F7F7F7;\"&gt;\"心动？\"凌飞也满脸好奇。&lt;/span&gt;&lt;br /&gt;\r\n&lt;br /&gt;\r\n&lt;span style=\"color:#555555;font-family:&quot;font-size:16px;background-color:#F7F7F7;\"&gt;\"心动，乃是意之所及，人，腰，力三者完美的结合，根本无需刻意去记住这些诀窍，心念一动，最完美的一拳，已然施展而出，这是先天境修者才能达到的境界，你们若是能踏入先天境，自然能领悟，否则一辈子也无法企及，只能听人而言。\"张权说道，在提及先天境时，他眸露异光。&lt;/span&gt;&lt;br /&gt;\r\n&lt;br /&gt;\r\n&lt;span style=\"color:#555555;font-family:&quot;font-size:16px;background-color:#F7F7F7;\"&gt;同时，还有几分遗憾。&lt;/span&gt;&lt;br /&gt;\r\n&lt;br /&gt;\r\n&lt;span style=\"color:#555555;font-family:&quot;font-size:16px;background-color:#F7F7F7;\"&gt;踏入先天境才是真正的触及了武道世界的门槛。&lt;/span&gt;&lt;br /&gt;\r\n&lt;br /&gt;\r\n&lt;span style=\"color:#555555;font-family:&quot;font-size:16px;background-color:#F7F7F7;\"&gt;\"先天境！\"顿时，台下的少年都是眸露期许。&lt;/span&gt;&lt;br /&gt;\r\n&lt;br /&gt;\r\n&lt;span style=\"color:#555555;font-family:&quot;font-size:16px;background-color:#F7F7F7;\"&gt;他们已经不是第一次听张师父提及先天境了。&lt;/span&gt;&lt;br /&gt;\r\n&lt;br /&gt;\r\n&lt;span style=\"color:#555555;font-family:&quot;font-size:16px;background-color:#F7F7F7;\"&gt;这个境界，在他们心中拥有着神奇的色彩。&lt;/span&gt;&lt;br /&gt;\r\n&lt;br /&gt;\r\n&lt;span style=\"color:#555555;font-family:&quot;font-size:16px;background-color:#F7F7F7;\"&gt;\"若踏入先天境，将有机会成为神卫。\"凌飞对先天境也充满了期许。&lt;/span&gt;&lt;br /&gt;\r\n&lt;br /&gt;\r\n&lt;span style=\"color:#555555;font-family:&quot;font-size:16px;background-color:#F7F7F7;\"&gt;\"好了，接下来，便是猛虎拳了。\"&lt;/span&gt;&lt;br /&gt;\r\n&lt;br /&gt;\r\n&lt;span style=\"color:#555555;font-family:&quot;font-size:16px;background-color:#F7F7F7;\"&gt;而后，张权继续演示。&lt;/span&gt;&lt;br /&gt;\r\n&lt;br /&gt;\r\n&lt;span style=\"color:#555555;font-family:&quot;font-size:16px;background-color:#F7F7F7;\"&gt;猛虎下山！&lt;/span&gt;&lt;br /&gt;\r\n&lt;br /&gt;\r\n&lt;span style=\"color:#555555;font-family:&quot;font-size:16px;background-color:#F7F7F7;\"&gt;\"看好了，这一式讲究的是运用肌肉，筋脉的力量，在配合肉体的力量，发出雷霆一击。\"&lt;/span&gt;&lt;br /&gt;\r\n&lt;br /&gt;\r\n&lt;span style=\"color:#555555;font-family:&quot;font-size:16px;background-color:#F7F7F7;\"&gt;呼！&lt;/span&gt;&lt;br /&gt;\r\n&lt;br /&gt;\r\n&lt;span style=\"color:#555555;font-family:&quot;font-size:16px;background-color:#F7F7F7;\"&gt;只见得张师父的身子如同弹簧一般向前射去。&lt;/span&gt;&lt;br /&gt;\r\n&lt;br /&gt;\r\n&lt;span style=\"color:#555555;font-family:&quot;font-size:16px;background-color:#F7F7F7;\"&gt;他那双手如虎爪，携带着阵阵劲风，虚空当中有气流席卷而来。&lt;/span&gt;&lt;br /&gt;\r\n&lt;br /&gt;\r\n&lt;span style=\"color:#555555;font-family:&quot;font-size:16px;background-color:#F7F7F7;\"&gt;众人都感觉到一股巨大的压迫，那呼吸都变得困难了起来。&lt;/span&gt;&lt;br /&gt;\r\n&lt;br /&gt;\r\n&lt;span style=\"color:#555555;font-family:&quot;font-size:16px;background-color:#F7F7F7;\"&gt;似乎在此刻，空气为之凝固。&lt;/span&gt;&lt;br /&gt;\r\n&lt;br /&gt;\r\n&lt;span style=\"color:#555555;font-family:&quot;font-size:16px;background-color:#F7F7F7;\"&gt;众人退到了远处。&lt;/span&gt;&lt;br /&gt;\r\n&lt;br /&gt;\r\n&lt;span style=\"color:#555555;font-family:&quot;font-size:16px;background-color:#F7F7F7;\"&gt;而后，在众人的眸光注视下，张师父的手掌已经击在了前方那巨大的岩石上。&lt;/span&gt;&lt;br /&gt;\r\n&lt;br /&gt;\r\n&lt;span style=\"color:#555555;font-family:&quot;font-size:16px;background-color:#F7F7F7;\"&gt;砰！&lt;/span&gt;&lt;br /&gt;\r\n&lt;br /&gt;\r\n&lt;span style=\"color:#555555;font-family:&quot;font-size:16px;background-color:#F7F7F7;\"&gt;只见得这岩石崩裂，化为碎末，向着四方飞溅而出。&lt;/span&gt;&lt;br /&gt;\r\n&lt;br /&gt;\r\n&lt;span style=\"color:#555555;font-family:&quot;font-size:16px;background-color:#F7F7F7;\"&gt;\"这才是猛虎下山啊！\"见此，凌飞内心一震。&lt;/span&gt;&lt;br /&gt;\r\n&lt;br /&gt;\r\n&lt;span style=\"color:#555555;font-family:&quot;font-size:16px;background-color:#F7F7F7;\"&gt;刚才，他好像真的看到一头猛虎扑来。&lt;/span&gt;&lt;br /&gt;\r\n&lt;br /&gt;\r\n&lt;span style=\"color:#555555;font-family:&quot;font-size:16px;background-color:#F7F7F7;\"&gt;那黄亮与之相比，简直有天壤之别。&lt;/span&gt;&lt;br /&gt;\r\n&lt;br /&gt;\r\n&lt;span style=\"color:#555555;font-family:&quot;font-size:16px;background-color:#F7F7F7;\"&gt;\"黄亮，你刚才根本没有运用好全身的力量。\"在演示后，张权说道。&lt;/span&gt;&lt;br /&gt;\r\n&lt;br /&gt;\r\n&lt;span style=\"color:#555555;font-family:&quot;font-size:16px;background-color:#F7F7F7;\"&gt;\"我刚才太急了。\"黄亮一脸羞愧。&lt;/span&gt;&lt;br /&gt;\r\n&lt;br /&gt;\r\n&lt;span style=\"color:#555555;font-family:&quot;font-size:16px;background-color:#F7F7F7;\"&gt;\"身为武者，无论什么时候都不能急，只有时刻保持冷静才能利用好自己的优势。\"&lt;/span&gt;&lt;br /&gt;\r\n&lt;br /&gt;\r\n&lt;span style=\"color:#555555;font-family:&quot;font-size:16px;background-color:#F7F7F7;\"&gt;张权一脸严肃的说道。&lt;/span&gt;&lt;br /&gt;\r\n&lt;br /&gt;\r\n&lt;span style=\"color:#555555;font-family:&quot;font-size:16px;background-color:#F7F7F7;\"&gt;\"是！\"黄亮点头。&lt;/span&gt;&lt;br /&gt;\r\n&lt;br /&gt;\r\n&lt;span style=\"color:#555555;font-family:&quot;font-size:16px;background-color:#F7F7F7;\"&gt;\"凌飞，你刚才出手，扣住黄亮左手，很精准，不过，你踢出去那一脚，却得小心，若是对手右手可动，你便很难讨好了……遇到这一式当这样破解。\"而后，他又指点凌飞。&lt;/span&gt;&lt;br /&gt;\r\n&lt;br /&gt;\r\n&lt;span style=\"color:#555555;font-family:&quot;font-size:16px;background-color:#F7F7F7;\"&gt;凌飞聚精会神的听着。&lt;/span&gt;&lt;br /&gt;\r\n&lt;br /&gt;\r\n&lt;span style=\"color:#555555;font-family:&quot;font-size:16px;background-color:#F7F7F7;\"&gt;那些少年也是听得如痴如醉。&lt;/span&gt;&lt;br /&gt;\r\n&lt;br /&gt;\r\n&lt;span style=\"color:#555555;font-family:&quot;font-size:16px;background-color:#F7F7F7;\"&gt;……&lt;/span&gt;&lt;br /&gt;\r\n&lt;br /&gt;\r\n&lt;span style=\"color:#555555;font-family:&quot;font-size:16px;background-color:#F7F7F7;\"&gt;练武场上，张权向着台下的少年仔细的讲解着武学的基础知识。&lt;/span&gt;&lt;br /&gt;\r\n&lt;br /&gt;\r\n&lt;span style=\"color:#555555;font-family:&quot;font-size:16px;background-color:#F7F7F7;\"&gt;众少年对张权，都充满了敬意。&lt;/span&gt;&lt;br /&gt;\r\n&lt;br /&gt;\r\n&lt;span style=\"color:#555555;font-family:&quot;font-size:16px;background-color:#F7F7F7;\"&gt;\"好了，接下来你们自己去试着演练。\"张权在演练加解说了一番后，沉声道。&lt;/span&gt;\r\n&lt;/p&gt;',10000,'2019-03-22 23:50:16'),(18,2,'第一章 蝼蚁','&lt;p style=\"text-indent:2em;\"&gt;\r\n孽龙江滔滔江水，日日夜夜无穷无休地从广安府许家村绕过，东归入海，江畔一排数十株紫枫树，叶子似火燃烧。正是八月天时，村前村后的野草刚起始变黄，一抹斜阳映照之下，更增几分萧索。一株斑驳的老梧桐下，一堆村民，男男女女和十几个小孩，围着一个书生，聚精会神地听他说话。那书生十八九岁，挺鼻俊目，满脸蜡黄，像染病容，罩着一件浆洗得发白的麻衣，风一吹，麻衣贴紧身子，体格倒是不弱。只见他将手中的两片黄梨木碰了一下，发出得得连声，起唇展喉，声音清朗。\"却说那狐仙一缕香魂随风散，与那金榜题名的张生，阴阳两隔，沦为永憾。张生悲从中来，不可断绝，念及恩情，遂熄青云之志，辞官归隐，在狐丘边结庐而居，参生悟死，了却残生……正所谓，曾经沧海难为水，除却巫山不是云。取次花丛懒回顾，半缘修道半缘君。\"一曲词罢，满场无声。方才，这书生说的是个狐仙和书生的故事，一人一妖，相知相恋，最终天人永隔。最后以这一曲应景的唱词收尾，原本已十分感人的故事，待这番唱词一出，已惹得满场潸然下泪。便是那不识情爱的孩童，也听得呆住了。梨板再度得得两声，书生长身而起，端着一只残破的木碗，向着满座的观众挨个儿行去。没多会儿，碗中便聚齐满满一碗铜钱，铜钱堆里，隐隐还露出几个银角子。广安府地华天宝，物阜民丰，虽是乡野村民，囊中也并不羞涩。书生的故事，是乡间难得的精彩娱乐，心神随着故事动摇之际，对这书生自也生出钦佩、感激，出手之时，自也大方。收拾好所得，书生团团一鞠，定下了下次开坛的地点，便自去了。这书生出自附近许家村，名唤许易，今年十八岁。早些时候，名迹不彰，最近两年，却靠着满嘴的好故事，在十里八乡，名声鹊起。许易快步而行，堪堪将午，已到许家村口。金色的阳光下，苍郁的会阴山如巨大的龙脊，向着远方布展延伸，龙脊最低处，七八十幢歪歪斜斜的木屋，如棋子散落在山脚，绵延十数里。许易的那间矮小木屋，就在山脚最角落处，因着年深日久，木屋不仅陈旧，还有些歪斜。木屋虽破，却是家乡！见之，心安。\"汪汪！\"许易离着木屋还有百丈，一条老黄狗远远叫着撒着欢的跑了过来，到得近前，两只前掌直往许易肩头搭来。这条老黄狗在许家待了近二十年，早已化作许家的一份子，许易父母已亡，又无兄姊，某种程度老黄狗也是上他唯一的家人。每日，只要他远行归来，老黄狗必定远远来迎。许易拍拍已遍布皱褶的狗头，心中一阵温暖。一人一狗在山道上缓行，山道紧窄，荆棘遍布，仅容一人通行，每每许易想让开道路，都被老黄狗拿尾巴扫了，将他赶到窄窄的小道上，自己在一边的荆棘中穿行，好似慈祥的长辈关爱着晚辈！行至家中，已过正午，忙碌一上午，许易已然腹中火烧，麻利地从角落的破缸中拣出数块六七斤重的腌得猩红的肉块，折身出来，捅开木屋边上矮棚里前后架了两口黑锅的土灶台，点着火，前锅放肉，后锅下米。盖上锅盖后，许易折回房间，取来一本《南华集》，便在灶前坐了，边轻抚老黄狗的颈间的软皮，边安静观书。青山郁郁，山风徐来，温柔可亲，许易心中一片安然。一炷香左右的功夫，肉香、米香从锅盖缝隙溜出，卷着袅袅炊烟飘向远方。许易放下书本，正要起身揭开锅盖，眼皮一跳，猛地扑住老黄狗压倒在地。他方倒下，便听砰的一声巨响，灶台好像挨了发炮弹，猛地垮塌，土石飞溅，烟尘滚滚。接着便听一道粗犷的声音喊道，\"三十斤的磨石，掷出三十丈外，一击而中，公子当真神力，看来离突破锻体后期，已经不远了。\"许易爬起身来，循声看去，眼角猛地收冷，抓起老黄狗扔进屋去，反手将门关上，自己稳稳立在亭间。\"好香啊！嘿嘿，都说你许易近来生发了，看来所言非虚啊，你这天天喝酒吃肉的，把我都比下去了，实在让人羡慕啊。\"说话的是个华服公子，身后跟着两名彪形大汉，一个满脸络腮胡，甚至威猛，一个铁塔似的身子，鹰鼻深目，只看外形，便知皆是熊虎之士。\"周公子说笑了，我不过仗着口舌之利，编些个无稽之谈，混些营生，焉敢和贵人相提并论。\"许易平静地说道。\"跟我们公子相比？你也配！\"络腮胡子大步上前，在许易身前半步之地停下，伸手在他半边脸颊不轻不重地拍着，冷笑道，\"小子，我们的来意，想必你清楚，用不着我们公子再废话吧，痛快把事情办了吧！\"\"周公子放心，地契已经递上去了，衙门正在审核。这样吧，明天的这个时候，我在此间恭候，你派人来取！\"许易冷峻依然。周公子哈哈一笑，道，\"算你识相！明日我恰好入会阴山围猎，你小子到路边等着吧，希望你不要叫我失望，否则后果你清楚。对了，听说你最近也在习练拳脚，想必有所成就，不如和我这手下比划比划，好指点指点他！\"不待许易答话，络腮胡子哈哈一笑，抓住许易的领口，将他提了起来，\"对对，可得请你狗日的好好指点指点你爷爷！\"喝声未落，铁锤一般的拳头已砸到许易肩头，砰的一声闷响，许易如断了线的风筝飞出三丈多远方才落地，立时面如金纸，嘴角已溢出血迹。\"哈哈，公子，就他？蝼蚁一般的东西，也配修习武道！我一根指头就摁死他了！\"络腮胡子仰天狂笑。周公子轻蔑地看了许易一眼，转头就走，远远地飘来他的声音，\"有你这样驴粪一般的子孙，明德公在天有灵，怕得从坟墓里气得爬起来，哦，忘了，现如今，明德公哪里还有坟墓，都圈作猪圈啦！\"\r\n&lt;/p&gt;',2000,'2019-03-24 22:28:02'),(19,4,'第0001章 十八年','&lt;p&gt;\r\n&nbsp;&nbsp;&nbsp; 时间是2014年\r\n&lt;/p&gt;\r\n&lt;p&gt;\r\n&nbsp;&nbsp;&nbsp; 江枫透过头等舱的玻璃俯瞰着云端下的豪华都市，穿越到这个世界已经有十八年了，要说，这十八年的时间自己最大的感悟是什么，江枫觉得，自己大可以用一个字来形容。\r\n&lt;/p&gt;\r\n&lt;p&gt;\r\n&nbsp;&nbsp;&nbsp; --爽\r\n&lt;/p&gt;\r\n&lt;p&gt;\r\n&nbsp;&nbsp;&nbsp; 这个世界上总是有那么一两个幸运儿的，而江枫，毫无疑问就是其中之一。\r\n&lt;/p&gt;\r\n&lt;p&gt;\r\n&nbsp;&nbsp;&nbsp; 十八年前，江枫在某个叫地球的世界，只能算是**丝群体，大学刚刚毕业，四处找工作，谈了多少年的女朋友也无奈分手，踏入社会之后才明白，这个世界到底是有多么的残酷。\r\n&lt;/p&gt;\r\n&lt;p&gt;\r\n&nbsp;&nbsp;&nbsp; 江枫倒是不恨自己的女朋友，毕竟，人都是很现实的，离开了象牙塔才知道，这个世界并不是你想象中的那个样子。\r\n&lt;/p&gt;\r\n&lt;p&gt;\r\n&nbsp;&nbsp;&nbsp; 江枫也并不气馁，反正自己还年轻，然后就在下班的时候，看到一个小孩子差点要被碾压，自己冲上去推了一下，随后，就是一片黑暗。\r\n&lt;/p&gt;\r\n&lt;p&gt;\r\n&nbsp;&nbsp;&nbsp; 也就是在这个时候，命运之神光临了他，让他重生到了这个世界。\r\n&lt;/p&gt;\r\n&lt;p&gt;\r\n&nbsp;&nbsp;&nbsp; 同样是地球，同样是有着五千年历史的中国，这个世界历史进程跟地球几乎相差无几，但是，却又大不一样的世界。\r\n&lt;/p&gt;\r\n&lt;p&gt;\r\n&nbsp;&nbsp;&nbsp; 这个世界没有原来地球上的明星，没有那些著名的诗词歌赋，没有了那些大诗人，却有了截然不同的世界和人，虽说，一些重点历史人物没有太大的变化，但是，少了诸多名人。\r\n&lt;/p&gt;\r\n&lt;p&gt;\r\n&nbsp;&nbsp;&nbsp; 然而，命运之神给自己的好处也绝对不至于此，江枫，出生在了一个富贵之家。\r\n&lt;/p&gt;\r\n&lt;p&gt;\r\n&nbsp;&nbsp;&nbsp; 至于，这个家庭多么有钱？\r\n&lt;/p&gt;\r\n&lt;p&gt;\r\n&nbsp;&nbsp;&nbsp; 1999年10月份的时候，有一个姓马的小伙子，在厕所堵住了江枫的老爹江林，两个人交谈了六分钟，不久之后，江林大手一挥，丢给了这个姓马的小伙子两千万美元的投资。\r\n&lt;/p&gt;\r\n&lt;p&gt;\r\n&nbsp;&nbsp;&nbsp; 嗯，也就是今年，他的公司就要上市了，如果，问题不大的话，估计，今年他就是中国首富了。\r\n&lt;/p&gt;\r\n&lt;p&gt;\r\n&nbsp;&nbsp;&nbsp; 当然，这是明面上的，毕竟，这家公司有百分之五十一的股份姓江。\r\n&lt;/p&gt;\r\n&lt;p&gt;\r\n&nbsp;&nbsp;&nbsp; 除了这些，江家在全世界都有着举足轻重的布局，无论是金融还是实业，亦或者是房地产，就算是军火生意都有所涉及。\r\n&lt;/p&gt;\r\n&lt;p&gt;\r\n&nbsp;&nbsp;&nbsp; 财富的积累，要么伴随着国家的极速崛起，要么伴随着国家的极速衰落。\r\n&lt;/p&gt;\r\n&lt;p&gt;\r\n&nbsp;&nbsp;&nbsp; 而江家的财富，完全就是血淋淋的积累，江家原本是在民国的时候在东南亚建立了养殖场，而早在改革开放的时候，江家是第一批投资中国的华人，帮助中国打通各国渠道，倾销产品。\r\n&lt;/p&gt;\r\n&lt;p&gt;\r\n&nbsp;&nbsp;&nbsp; 又在苏联解体的时候，横插一脚，疯狂的掠夺财富，直到今日，江家已然是一个庞然大物，在全球范围内有着举足轻重的影响力。\r\n&lt;/p&gt;\r\n&lt;p&gt;\r\n&nbsp;&nbsp;&nbsp; 而江枫则是江林的独生子，未来江家唯一的继承人。\r\n&lt;/p&gt;\r\n&lt;p&gt;\r\n&nbsp;&nbsp;&nbsp; 这样的家庭，这样的财富，足以让江枫十辈子无忧无虑。\r\n&lt;/p&gt;\r\n&lt;p&gt;\r\n&nbsp;&nbsp;&nbsp; 不过，最让江枫震撼的还是命运之神给自己的最后一个馈赠。\r\n&lt;/p&gt;\r\n&lt;p&gt;\r\n&nbsp;&nbsp;&nbsp; 他的身上天生携带着一个系统，大约是在十岁的时候，觉醒了这个系统。\r\n&lt;/p&gt;\r\n&lt;p&gt;\r\n&nbsp;&nbsp;&nbsp; 系统会时不时的发布一些任务，只要完成这些任务，自己就可以获得相应的奖励，除了这些，系统每个月还可以让自己抽奖，获取一些相应的技能。\r\n&lt;/p&gt;\r\n&lt;p&gt;\r\n&nbsp;&nbsp;&nbsp; 到目前为止，江枫其实已经记不太清楚自己有多少技能了，只知道自己现在有着过目不忘的能力，能打篮球，能踢足球，能歌善舞，还会国术，一个人能打十个这还是没有问题的。\r\n&lt;/p&gt;\r\n&lt;p&gt;\r\n&nbsp;&nbsp;&nbsp; 不久之前，就在江枫十八岁的生日结束之后，江枫的老爷子给了江枫一个新的任务，要求江枫回国创业。\r\n&lt;/p&gt;\r\n&lt;p&gt;\r\n&nbsp;&nbsp;&nbsp; 用老爷子的话说就是，这么大的家产，总不能交给你来败坏，你总得证明你有能力接手咱们家的家产。\r\n&lt;/p&gt;\r\n&lt;p&gt;\r\n&nbsp;&nbsp;&nbsp; 一句话，轻飘飘的就把江枫打发回国。\r\n&lt;/p&gt;\r\n&lt;p&gt;\r\n&nbsp;&nbsp;&nbsp; 也就是老爷子说完这句话之后，系统的提示音也传来了。\r\n&lt;/p&gt;\r\n&lt;p&gt;\r\n&nbsp;&nbsp;&nbsp; 说是，系统现在开启了声望系统，现在已经不需要江枫继续完成什么任务了，需要的是江枫获得声望，声望越大，可以兑换的东西也就越多。\r\n&lt;/p&gt;\r\n&lt;p&gt;\r\n&nbsp;&nbsp;&nbsp; 当然，现在系统提供的东西也是越来越多。\r\n&lt;/p&gt;\r\n&lt;p&gt;\r\n&nbsp;&nbsp;&nbsp; 简单来说，之前提供的玩意儿都是比较低等级的，现在都是高等级的，打个比方说，以前江枫能一个打十个普通人，系统升级之后，获取的能力，足以支撑江枫一个打一百个，还都是练家子。\r\n&lt;/p&gt;\r\n&lt;p&gt;\r\n&nbsp;&nbsp;&nbsp; 江枫简单的收拾了一下就准备回国了。\r\n&lt;/p&gt;\r\n&lt;p&gt;\r\n&nbsp;&nbsp;&nbsp; 十八年了，江枫觉得自己也的确是应该做点什么了，总不能靠着老爷子吃饭，何况，自己还得把系统升升级。\r\n&lt;/p&gt;\r\n&lt;p&gt;\r\n&nbsp;&nbsp;&nbsp; 当然了，老爷子的启动资金还是有的，本来老爷子打算给江枫一个亿，后来被老娘拧着老爹的耳朵硬生生的给了江枫五个亿。\r\n&lt;/p&gt;\r\n&lt;p&gt;\r\n&nbsp;&nbsp;&nbsp; 毕竟是自家儿子，咋都不能亏待了。\r\n&lt;/p&gt;\r\n&lt;p&gt;\r\n&nbsp;&nbsp;&nbsp; 用老娘的话说就是，一个亿，在东海的好地角买套别墅就没了，这点破钱还咋创业，读书，吃饭，找女朋友都得用钱。\r\n&lt;/p&gt;\r\n&lt;p&gt;\r\n&nbsp;&nbsp;&nbsp; 末了，老娘还来了一句，别听你爹瞎说，赚不到钱，你也是咱家的人，咱家家产，跑不到别人家手里。\r\n&lt;/p&gt;\r\n&lt;p&gt;\r\n&nbsp;&nbsp;&nbsp; 老娘在外人面前一向都是知书达礼、温润尔雅、气质出众，只是在他们父子面前，却又有那么几分稍显粗鄙，只是，这一份粗鄙却非常管用，至少，他们父子俩还是很受用的。\r\n&lt;/p&gt;\r\n&lt;p&gt;\r\n&nbsp;&nbsp;&nbsp; 这话一出来，弄得江林万分尴尬，想严肃都严肃不起来，江枫则是冲着母亲竖了一个大拇指。\r\n&lt;/p&gt;\r\n&lt;p&gt;\r\n&nbsp;&nbsp;&nbsp; 顺道说一句，江枫老娘家里的背景可不一般，根正苗红的那种，他们夫妻的结合，那真是强强联手。\r\n&lt;/p&gt;\r\n&lt;p&gt;\r\n&nbsp;&nbsp;&nbsp; 带着五个亿，江枫坐着飞机，优哉游哉的回国了。\r\n&lt;/p&gt;\r\n&lt;p&gt;\r\n&nbsp;&nbsp;&nbsp; 除了钱，江林还给江枫办理了一个手续，回国之后，江枫可以直接到东海大学读书，当然了，因为某个系统的缘故，从小开始，江枫就是学霸，这一点，还是让江林十分骄傲的。\r\n&lt;/p&gt;\r\n&lt;p&gt;\r\n&nbsp;&nbsp;&nbsp; 十八年啊！\r\n&lt;/p&gt;\r\n&lt;p&gt;\r\n&nbsp;&nbsp;&nbsp; 江枫自言自语，心中却是涌现出了一种期待的情绪，自己在国外上的都是私立学校，倒是极少跟国内学校接触。\r\n&lt;/p&gt;\r\n&lt;p&gt;\r\n&nbsp;&nbsp;&nbsp; 不知道，接下来迎接我的会是什么样的生活。\r\n&lt;/p&gt;\r\n&lt;p&gt;\r\n&nbsp;&nbsp;&nbsp; 飞机轰然落地，江枫的唇角勾勒出了一个淡淡的弧度。\r\n&lt;/p&gt;',5000,'2019-03-24 22:29:03');
/*!40000 ALTER TABLE `info` ENABLE KEYS */;
UNLOCK TABLES;

--
-- Table structure for table `sblog2`
--

DROP TABLE IF EXISTS `sblog2`;
/*!40101 SET @saved_cs_client     = @@character_set_client */;
/*!40101 SET character_set_client = utf8 */;
CREATE TABLE `sblog2` (
  `sblog_id` int(11) NOT NULL AUTO_INCREMENT,
  `tbook_id` int(11) DEFAULT NULL,
  `user_id` int(11) DEFAULT NULL,
  `nick_name` varchar(50) DEFAULT NULL,
  `nick_name2` varchar(50) DEFAULT NULL,
  `sblog_pic` varchar(225) DEFAULT NULL,
  `sblog_content` text,
  `sblog_date` datetime DEFAULT NULL,
  PRIMARY KEY (`sblog_id`)
) ENGINE=InnoDB AUTO_INCREMENT=8 DEFAULT CHARSET=utf8;
/*!40101 SET character_set_client = @saved_cs_client */;

--
-- Dumping data for table `sblog2`
--

LOCK TABLES `sblog2` WRITE;
/*!40000 ALTER TABLE `sblog2` DISABLE KEYS */;
INSERT INTO `sblog2` VALUES (1,1,3,'李玲玲',NULL,'2.jpg','图书真的不错','2019-03-24 22:00:12'),(3,1,2,'李梅梅',NULL,'1.jpg','图书真的不错','2019-03-24 22:08:43'),(4,1,2,'李梅梅','','20210315205011173.jpg','hhhh','2021-03-16 20:53:07'),(5,1,7,'赵辉辉','李梅梅','6.jpg','111','2022-03-24 14:36:46'),(6,1,12,'作者','李玲玲','10.jpg','谢谢你','2022-03-24 16:20:50'),(7,1,12,'作者','赵辉辉','10.jpg','123','2022-03-30 21:42:55');
/*!40000 ALTER TABLE `sblog2` ENABLE KEYS */;
UNLOCK TABLES;

--
-- Table structure for table `tbook`
--

DROP TABLE IF EXISTS `tbook`;
/*!40101 SET @saved_cs_client     = @@character_set_client */;
/*!40101 SET character_set_client = utf8 */;
CREATE TABLE `tbook` (
  `tbook_id` int(11) NOT NULL AUTO_INCREMENT,
  `user_id` int(11) DEFAULT '0',
  `book_type_id` int(11) DEFAULT '0',
  `tbook_name` varchar(225) DEFAULT NULL,
  `tbook_pic` varchar(225) DEFAULT NULL,
  `tbook_author` varchar(225) DEFAULT NULL,
  `tbook_desc` text,
  `tbook_date` date DEFAULT NULL,
  `tbook_click` int(11) DEFAULT NULL,
  `tbook_words` double DEFAULT NULL,
  `tbook_flag` int(11) DEFAULT '1' COMMENT '1:否 2:是',
  `tbook_money` double DEFAULT NULL,
  `tbook_show` int(11) DEFAULT '0',
  PRIMARY KEY (`tbook_id`)
) ENGINE=InnoDB AUTO_INCREMENT=12 DEFAULT CHARSET=utf8;
/*!40101 SET character_set_client = @saved_cs_client */;

--
-- Dumping data for table `tbook`
--

LOCK TABLES `tbook` WRITE;
/*!40000 ALTER TABLE `tbook` DISABLE KEYS */;
INSERT INTO `tbook` VALUES (1,1,1,'神荒龙帝','1.jpg','我吃土豆','&nbsp;&nbsp;&nbsp;&nbsp;&nbsp;&nbsp;&nbsp;&nbsp;一滴龙血，可压碎山河，一根龙骨，可撕裂苍穹，一双龙眸，可看穿古今！在这里，有女帝君临天下！有古兽只手遮天！ 有大魔祸乱天地，也有人族先贤镇压八荒！少年凌飞身怀龙骨，崛起于微末，闯神荒，探帝墓，开启了一条与亿万神魔争锋的无敌 之路！ 整个天地……因他而变 ！【已有六百万字完本老书《不死武尊》】更有国漫精品《大唐玄笔录》，网文，影视等多方面联动，妖月夜出品，必属精品，可放心阅读1。','2019-03-18',35,163.7,1,100,1),(2,1,2,'我从凡间来','2.jpg','想见江南','&lt;p&gt;\r\n我从凡间来，到此觅长生。 &emsp;&emsp; &emsp;&emsp;\r\n&lt;/p&gt;\r\n&lt;p&gt;\r\n*********** &emsp;&emsp;\r\n&lt;/p&gt;\r\n&lt;p&gt;\r\n已完本540万字《官道之1976》，更新稳定，请放心阅读！ &emsp;\r\n&lt;/p&gt;','2019-03-18',30074,163.7,1,0,1),(3,1,3,'神门','3.jpg','薪意','&lt;p&gt;\r\n&nbsp;&nbsp;&nbsp;&nbsp;【超人气玄幻】这是一个诡异莫名的世界…… &emsp;\r\n&lt;/p&gt;\r\n&lt;p&gt;\r\n&emsp;山，水，石，花，草，树，木，太阳，月亮，星辰……天地万物都是力量的来源。 &emsp;&emsp;\r\n&lt;/p&gt;\r\n&lt;p&gt;\r\n&nbsp;&nbsp;&nbsp;&nbsp;这里有着前世所有的经典名著，但却有了一个新的名字《道典》！ &emsp;&emsp;\r\n&lt;/p&gt;\r\n&lt;p&gt;\r\n&nbsp;&nbsp;&nbsp;&nbsp;原来看书就能获得力量啊？方正直很纠结，那么我是先看《道德经》《奇门遁甲》《论语》还是看……《金瓶梅》《西厢记》啊？ &emsp;&emsp;\r\n&lt;/p&gt;\r\n&lt;p&gt;\r\n&nbsp;&nbsp;&nbsp;&nbsp;以《道典》为根基，掌万物之道，打开成神之门！\r\n&lt;/p&gt;','2019-03-18',30007,223.2,2,0,1),(4,1,4,'极品大神壕','4.jpg','枫江王','&lt;p&gt;\r\n&nbsp;&nbsp;&nbsp;&nbsp;重生了，来到了一个跟地球像又不像的世界 &emsp;&emsp;\r\n&lt;/p&gt;\r\n&lt;p&gt;\r\n&nbsp;&nbsp;&nbsp;&nbsp;带着系统在绝世豪门里重生的江枫开始了自己的征服之路。 &emsp;&emsp;\r\n&lt;/p&gt;\r\n&lt;p&gt;\r\n&nbsp;&nbsp;&nbsp;&nbsp;江枫：\"人呐，就是不知道，这辈子就不可以预料。人的命运，固然是要靠自我奋斗，但是，也要考虑，你会不会忽然间撞大运了。\" &emsp;\r\n&lt;/p&gt;\r\n&lt;p&gt;\r\n&emsp;\"我来到这个世界上大概干了三件事，第一，在文娱圈子里呼风唤雨，说捧谁就捧谁，想睡谁就睡谁，第二，在看不见的地下世界只手遮天，第三，一手缔造了一个庞大的资本帝国。\" &emsp;&emsp;\" 如果说还有一点什么成绩，身边的美女太多算不算？\"\r\n&lt;/p&gt;','2019-03-18',20007,150.5,1,0,1),(5,1,1,'盗天仙途','5.jpg','荆柯守','&lt;p&gt;\r\n&nbsp;&nbsp;&nbsp;&nbsp;修仙觅长生，热血任逍遥，踏莲曳波涤剑骨，凭虚御风塑圣魂！\r\n&lt;/p&gt;\r\n&lt;p&gt;\r\n&nbsp;&nbsp;&nbsp;&nbsp;福地产生地仙，洞天来往天仙，我有梅花一株，盗取一线天机！\r\n&lt;/p&gt;','2019-03-18',30009,165.6,2,0,1),(9,12,1,'逆天邪神','20220330195047676.jpg','天才','要逆天','2022-03-30',1,111.2,1,0,1),(10,12,4,'重生','20220330212448593.jpg','周星星','啊实打实大大','2022-03-30',0,111.1,1,0,1),(11,12,1,'ASDDA','20220330212954487.jpg','ASDAS','ASDASD','2022-03-30',0,111,1,0,0);
/*!40000 ALTER TABLE `tbook` ENABLE KEYS */;
UNLOCK TABLES;

--
-- Table structure for table `uhis`
--

DROP TABLE IF EXISTS `uhis`;
/*!40101 SET @saved_cs_client     = @@character_set_client */;
/*!40101 SET character_set_client = utf8 */;
CREATE TABLE `uhis` (
  `uhis_id` int(11) NOT NULL AUTO_INCREMENT,
  `user_id` int(11) DEFAULT NULL,
  `info_id` int(11) DEFAULT NULL,
  `uhis_date` varchar(50) DEFAULT NULL,
  PRIMARY KEY (`uhis_id`)
) ENGINE=InnoDB AUTO_INCREMENT=29 DEFAULT CHARSET=utf8;
/*!40101 SET character_set_client = @saved_cs_client */;

--
-- Dumping data for table `uhis`
--

LOCK TABLES `uhis` WRITE;
/*!40000 ALTER TABLE `uhis` DISABLE KEYS */;
INSERT INTO `uhis` VALUES (2,2,9,'2022-03-28 09:54:58'),(3,2,18,'2022-03-21 09:41:14'),(4,3,18,'2019-03-24'),(5,2,10,'2022-03-30 20:59:01'),(6,2,11,'2022-03-30 20:59:00'),(7,2,13,'2022-03-30 20:58:59'),(8,2,14,'2022-03-29 08:32:15'),(9,2,12,'2022-03-30 20:59:00'),(10,2,19,'2022-03-20 09:54:11'),(11,3,12,'2022-03-30 21:12:37'),(12,3,9,'2022-03-30 13:02:52'),(13,3,11,'2022-03-29 08:44:58'),(14,4,12,'2022-03-30 21:06:58'),(15,4,13,'2022-03-29 08:46:04'),(16,5,12,'2022-03-30 16:23:07'),(17,5,13,'2022-03-30 12:56:58'),(18,7,12,'2022-03-30 13:10:04'),(19,3,13,'2022-03-30 21:12:39'),(20,6,12,'2022-03-30 15:52:59'),(21,8,12,'2022-03-30 21:07:58'),(22,9,12,'2022-03-30 16:18:10'),(23,10,12,'2022-03-30 21:10:10'),(24,10,13,'2022-03-30 21:10:13'),(25,11,12,'2022-03-30 21:11:27'),(26,11,11,'2022-03-30 21:11:19'),(27,11,13,'2022-03-30 21:11:26'),(28,11,14,'2022-03-30 21:11:24');
/*!40000 ALTER TABLE `uhis` ENABLE KEYS */;
UNLOCK TABLES;

--
-- Table structure for table `unote`
--

DROP TABLE IF EXISTS `unote`;
/*!40101 SET @saved_cs_client     = @@character_set_client */;
/*!40101 SET character_set_client = utf8 */;
CREATE TABLE `unote` (
  `unote_id` int(11) NOT NULL AUTO_INCREMENT,
  `user_id` int(11) DEFAULT NULL,
  `info_id` int(11) DEFAULT NULL,
  `unote_content` text,
  `unote_date` varchar(50) DEFAULT NULL,
  PRIMARY KEY (`unote_id`)
) ENGINE=InnoDB AUTO_INCREMENT=3 DEFAULT CHARSET=utf8;
/*!40101 SET character_set_client = @saved_cs_client */;

--
-- Dumping data for table `unote`
--

LOCK TABLES `unote` WRITE;
/*!40000 ALTER TABLE `unote` DISABLE KEYS */;
INSERT INTO `unote` VALUES (1,2,18,'这个章节写的非常棒！！！\n我很喜欢^_^','2019-03-23'),(2,3,18,'2019-03-23\n这个章节写的太高了！！\n\n2019-03-24\n又看了一遍','2019-03-24');
/*!40000 ALTER TABLE `unote` ENABLE KEYS */;
UNLOCK TABLES;

--
-- Table structure for table `upay`
--

DROP TABLE IF EXISTS `upay`;
/*!40101 SET @saved_cs_client     = @@character_set_client */;
/*!40101 SET character_set_client = utf8 */;
CREATE TABLE `upay` (
  `upay_id` int(11) NOT NULL AUTO_INCREMENT,
  `upay_no` varchar(50) DEFAULT NULL,
  `user_id` int(11) DEFAULT NULL,
  `upay_date` varchar(50) DEFAULT NULL,
  `upay_price` double DEFAULT NULL,
  PRIMARY KEY (`upay_id`)
) ENGINE=InnoDB AUTO_INCREMENT=6 DEFAULT CHARSET=utf8;
/*!40101 SET character_set_client = @saved_cs_client */;

--
-- Dumping data for table `upay`
--

LOCK TABLES `upay` WRITE;
/*!40000 ALTER TABLE `upay` DISABLE KEYS */;
INSERT INTO `upay` VALUES (1,'20180311221010222',3,'2019-03-18 22:40:01',20),(4,'20190324224001313',3,'2019-03-24 22:40:01',20),(5,'20210315205044269',2,'2021-03-15 20:50:44',20);
/*!40000 ALTER TABLE `upay` ENABLE KEYS */;
UNLOCK TABLES;

--
-- Table structure for table `user`
--

DROP TABLE IF EXISTS `user`;
/*!40101 SET @saved_cs_client     = @@character_set_client */;
/*!40101 SET character_set_client = utf8 */;
CREATE TABLE `user` (
  `user_id` int(11) NOT NULL AUTO_INCREMENT,
  `user_name` varchar(50) NOT NULL,
  `user_pass` varchar(200) DEFAULT NULL,
  `real_name` varchar(200) DEFAULT NULL,
  `nick_name` varchar(50) DEFAULT NULL,
  `user_address` varchar(300) DEFAULT NULL,
  `user_mail` varchar(50) DEFAULT NULL,
  `user_phone` varchar(50) DEFAULT NULL,
  `user_money` double DEFAULT NULL,
  `user_photo` varchar(300) DEFAULT NULL,
  `reg_date` datetime DEFAULT NULL,
  `user_kind` int(11) DEFAULT '1' COMMENT '1：普通 2：会员',
  `invalid_date` varchar(50) DEFAULT NULL,
  `user_type` int(11) DEFAULT '1' COMMENT '1：注册用户 2：出版商 3：系统管理员 ',
  `buy_book` int(11) NOT NULL,
  PRIMARY KEY (`user_id`)
) ENGINE=InnoDB AUTO_INCREMENT=13 DEFAULT CHARSET=utf8;
/*!40101 SET character_set_client = @saved_cs_client */;

--
-- Dumping data for table `user`
--

LOCK TABLES `user` WRITE;
/*!40000 ALTER TABLE `user` DISABLE KEYS */;
INSERT INTO `user` VALUES (1,'admin','111111','张丽',NULL,NULL,'admin@163.com','15088888883',0,NULL,'2017-03-01 23:08:39',1,NULL,2,0),(2,'t001','111111','李梅','李梅梅','北京天堂路666号','limei@163.com','15088888889',-180,'20210315205011173.jpg','2017-03-01 23:08:44',1,'2021-04-14',1,1),(3,'t002','111111','李玲','李玲玲','北京天堂路666号','liling@163.com','15088888888',820,'2.jpg','2017-03-01 23:08:46',1,'2019-05-09',1,1),(4,'t003','111111','陈生','陈生生','北京天堂路666号','chensheng@163.com','15088888884',900,'3.jpg','2017-03-01 23:08:44',1,NULL,1,1),(5,'t004','111111','李超','李超超','天津天堂路666号','lichao@163.com','15088888887',940,'4.jpg','2017-03-01 23:08:44',1,'2019-04-10',1,0),(6,'t005','111111','张斌','张斌斌','上海天堂路666号','zhangbin@163.com','15088888882',980,'5.jpg','2017-03-01 23:08:44',1,NULL,1,0),(7,'t006','111111','赵辉','赵辉辉','河北天堂路666号','zhaohui@163.com','15088888881',980,'6.jpg','2017-03-01 23:08:44',1,'2019-04-10',1,0),(8,'t007','111111','张伟明','小小明','世纪天堂路666号','zhangweiming@163.com','15088888888',960,'7.jpg','2017-03-01 23:08:44',1,NULL,1,1),(9,'t008','111111','李昆仑','李昆仑','河南天堂路666号','likunlun@163.com','15088888888',960,'8.jpg','2017-03-01 23:08:44',1,NULL,1,0),(10,'t009','111111','李静','李静静','湖南天堂路666号','lijing@163.com','15088888886',960,'9.jpg','2017-03-01 23:08:44',1,NULL,1,1),(11,'t010','111111','张勇乐','张勇勇','湖北天堂路666号','zhangyongle@163.com','15088888887',980,'10.jpg','2017-03-01 23:08:44',1,NULL,1,1),(12,'t011','111111','我吃土豆','作者','湖北解放路888号','zhangsanfeng@163.com','15088888889',1000,'10.jpg','2017-03-01 23:08:44',1,NULL,3,0);
/*!40000 ALTER TABLE `user` ENABLE KEYS */;
UNLOCK TABLES;

--
-- Dumping events for database 'dswz3'
--

--
-- Dumping routines for database 'dswz3'
--
/*!40103 SET TIME_ZONE=@OLD_TIME_ZONE */;

/*!40101 SET SQL_MODE=@OLD_SQL_MODE */;
/*!40014 SET FOREIGN_KEY_CHECKS=@OLD_FOREIGN_KEY_CHECKS */;
/*!40014 SET UNIQUE_CHECKS=@OLD_UNIQUE_CHECKS */;
/*!40101 SET CHARACTER_SET_CLIENT=@OLD_CHARACTER_SET_CLIENT */;
/*!40101 SET CHARACTER_SET_RESULTS=@OLD_CHARACTER_SET_RESULTS */;
/*!40101 SET COLLATION_CONNECTION=@OLD_COLLATION_CONNECTION */;
/*!40111 SET SQL_NOTES=@OLD_SQL_NOTES */;

-- Dump completed on 2022-03-30 22:09:11
